Verbleibende Zeit;Gewinnanteil;Verbleibende Preise;Teilnehmer;Ausgespielte Preise
0,03%;0,00%;100,00%;0;0
0,06%;0,00%;100,00%;0;0
0,09%;0,00%;99,93%;1;1
0,11%;0,00%;99,93%;0;0
0,14%;0,00%;99,93%;0;0
0,17%;0,00%;99,93%;0;0
0,20%;0,00%;99,93%;0;0
0,23%;0,00%;99,93%;0;0
0,26%;100,00%;99,93%;1;1
0,29%;0,00%;99,86%;0;0
0,32%;0,00%;99,86%;0;0
0,34%;0,00%;99,79%;1;1
0,37%;0,00%;99,71%;1;1
0,40%;0,00%;99,64%;1;1
0,43%;0,00%;99,64%;0;0
0,46%;0,00%;99,64%;0;0
0,49%;0,00%;99,64%;0;0
0,52%;0,00%;99,64%;0;0
0,54%;0,00%;99,57%;1;1
0,57%;0,00%;99,43%;2;2
0,60%;0,00%;99,36%;1;1
0,63%;100,00%;99,29%;2;2
0,66%;0,00%;99,21%;0;0
0,69%;100,00%;99,21%;1;1
0,72%;100,00%;99,14%;1;1
0,74%;0,00%;98,93%;2;2
0,77%;0,00%;98,93%;0;0
0,80%;100,00%;98,93%;1;1
0,83%;0,00%;98,86%;0;0
0,86%;0,00%;98,86%;0;0
0,89%;100,00%;98,86%;1;1
0,92%;0,00%;98,79%;0;0
0,95%;0,00%;98,79%;0;0
0,97%;0,00%;98,71%;1;1
1,00%;0,00%;98,71%;0;0
1,03%;0,00%;98,71%;0;0
1,06%;0,00%;98,64%;1;1
1,09%;100,00%;98,50%;3;3
1,12%;0,00%;98,43%;0;0
1,15%;0,00%;98,36%;1;1
1,17%;100,00%;98,36%;1;1
1,20%;0,00%;98,14%;2;2
1,23%;0,00%;98,07%;1;1
1,26%;0,00%;98,07%;0;0
1,29%;0,00%;97,79%;4;4
1,32%;0,00%;97,64%;4;2
1,35%;0,00%;97,64%;0;0
1,37%;80,00%;97,57%;2;1
1,40%;0,00%;97,57%;0;0
1,43%;0,00%;97,50%;2;1
1,46%;60,00%;97,50%;1;0
1,49%;30,00%;97,50%;3;0
1,52%;10,00%;97,43%;7;1
1,55%;0,00%;97,43%;0;0
1,58%;0,00%;97,36%;4;1
1,60%;10,00%;97,36%;2;0
1,63%;0,00%;97,36%;2;0
1,66%;0,00%;97,29%;1;1
1,69%;20,00%;97,29%;3;0
1,72%;10,00%;97,29%;3;0
1,75%;0,00%;97,29%;0;0
1,78%;0,00%;97,21%;3;1
1,80%;10,00%;97,21%;3;0
1,83%;0,00%;97,14%;1;1
1,86%;0,00%;97,14%;1;0
1,89%;30,00%;97,07%;3;1
1,92%;0,00%;97,07%;1;0
1,95%;0,00%;97,07%;2;0
1,98%;20,00%;97,07%;1;1
2,00%;0,00%;97,00%;1;0
2,03%;0,00%;97,00%;2;0
2,06%;0,00%;96,93%;2;1
2,09%;20,00%;96,93%;2;0
2,12%;0,00%;96,93%;3;0
2,15%;0,00%;96,86%;2;1
2,18%;0,00%;96,86%;2;0
2,21%;0,00%;96,86%;1;0
2,23%;0,00%;96,79%;2;1
2,26%;20,00%;96,79%;1;0
2,29%;0,00%;96,71%;3;1
2,32%;20,00%;96,71%;2;0
2,35%;10,00%;96,71%;4;0
2,38%;0,00%;96,64%;3;1
2,41%;10,00%;96,64%;4;0
2,43%;0,00%;96,64%;1;0
2,46%;0,00%;96,64%;0;0
2,49%;0,00%;96,57%;1;1
2,52%;10,00%;96,57%;6;1
2,55%;20,00%;96,50%;2;0
2,58%;0,00%;96,50%;1;0
2,61%;0,00%;96,43%;3;1
2,63%;10,00%;96,43%;5;0
2,66%;0,00%;96,43%;1;0
2,69%;0,00%;96,36%;3;1
2,72%;0,00%;96,36%;0;0
2,75%;0,00%;96,36%;2;0
2,78%;20,00%;96,29%;2;1
2,81%;0,00%;96,29%;2;0
2,84%;0,00%;96,29%;3;0
2,86%;0,00%;96,21%;2;1
2,89%;0,00%;96,21%;1;0
2,92%;20,00%;96,14%;4;1
2,95%;0,00%;96,14%;1;0
2,98%;0,00%;96,14%;1;0
3,01%;0,00%;96,07%;1;1
3,04%;0,00%;96,07%;3;0
3,06%;10,00%;96,07%;3;0
3,09%;0,00%;96,07%;0;0
3,12%;10,00%;96,07%;1;1
3,15%;0,00%;96,00%;0;0
3,18%;30,00%;95,93%;2;1
3,21%;0,00%;95,93%;3;0
3,24%;0,00%;95,93%;3;0
3,26%;10,00%;95,86%;4;1
3,29%;10,00%;95,86%;2;0
3,32%;20,00%;95,79%;2;1
3,35%;0,00%;95,79%;1;0
3,38%;0,00%;95,79%;2;0
3,41%;20,00%;95,71%;4;1
3,44%;0,00%;95,71%;1;0
3,47%;0,00%;95,71%;2;0
3,49%;0,00%;95,64%;4;1
3,52%;0,00%;95,64%;0;0
3,55%;0,00%;95,57%;1;1
3,58%;20,00%;95,57%;2;0
3,61%;0,00%;95,57%;3;0
3,64%;0,00%;95,50%;3;1
3,67%;0,00%;95,50%;0;0
3,69%;10,00%;95,50%;3;1
3,72%;0,00%;95,43%;1;0
3,75%;20,00%;95,43%;1;0
3,78%;0,00%;95,36%;1;1
3,81%;30,00%;95,36%;2;0
3,84%;20,00%;95,36%;3;0
3,87%;0,00%;95,29%;3;1
3,89%;0,00%;95,29%;1;0
3,92%;10,00%;95,29%;2;0
3,95%;0,00%;95,21%;1;1
3,98%;20,00%;95,21%;2;0
4,01%;0,00%;95,21%;1;0
4,04%;0,00%;95,21%;0;0
4,07%;20,00%;95,21%;1;1
4,10%;30,00%;95,07%;4;1
4,12%;0,00%;95,07%;2;0
4,15%;0,00%;95,07%;5;0
4,18%;10,00%;95,00%;3;1
4,21%;0,00%;95,00%;2;0
4,24%;0,00%;95,00%;2;0
4,27%;0,00%;94,93%;2;1
4,30%;20,00%;94,93%;2;0
4,32%;0,00%;94,86%;1;1
4,35%;0,00%;94,86%;1;0
4,38%;0,00%;94,86%;1;0
4,41%;0,00%;94,79%;7;1
4,44%;10,00%;94,79%;2;0
4,47%;10,00%;94,79%;3;0
4,50%;0,00%;94,71%;1;1
4,52%;0,00%;94,71%;2;0
4,55%;10,00%;94,71%;6;1
4,58%;0,00%;94,64%;2;0
4,61%;0,00%;94,64%;2;0
4,64%;20,00%;94,57%;3;1
4,67%;20,00%;94,57%;3;0
4,70%;10,00%;94,57%;1;0
4,73%;20,00%;94,50%;3;1
4,75%;20,00%;94,50%;2;0
4,78%;0,00%;94,50%;4;0
4,81%;0,00%;94,43%;1;1
4,84%;0,00%;94,43%;1;0
4,87%;0,00%;94,43%;1;0
4,90%;20,00%;94,36%;5;1
4,93%;20,00%;94,36%;3;0
4,95%;0,00%;94,36%;1;0
4,98%;0,00%;94,29%;1;1
5,01%;0,00%;94,29%;1;0
5,04%;20,00%;94,21%;2;1
5,07%;20,00%;94,21%;4;0
5,10%;0,00%;94,21%;1;0
5,13%;0,00%;94,14%;1;1
5,15%;0,00%;94,14%;1;0
5,18%;30,00%;94,07%;2;1
5,21%;0,00%;94,07%;0;0
5,24%;20,00%;94,07%;2;0
5,27%;0,00%;94,07%;2;0
5,30%;0,00%;94,00%;2;1
5,33%;0,00%;94,00%;1;0
5,36%;20,00%;93,93%;3;1
5,38%;10,00%;93,93%;6;0
5,41%;0,00%;93,93%;1;0
5,44%;0,00%;93,93%;0;0
5,47%;10,00%;93,86%;3;1
5,50%;0,00%;93,79%;1;1
5,53%;0,00%;93,79%;2;0
5,56%;0,00%;93,79%;0;0
5,58%;0,00%;93,79%;0;0
5,61%;0,00%;93,79%;0;0
5,64%;0,00%;93,71%;2;1
5,67%;0,00%;93,64%;4;1
5,70%;30,00%;93,64%;1;0
5,73%;0,00%;93,64%;0;0
5,76%;20,00%;93,57%;5;1
5,78%;0,00%;93,57%;3;0
5,81%;0,00%;93,57%;0;0
5,84%;0,00%;93,50%;2;1
5,87%;0,00%;93,50%;1;0
5,90%;0,00%;93,43%;2;1
5,93%;20,00%;93,43%;4;0
5,96%;0,00%;93,43%;0;0
5,99%;0,00%;93,36%;1;1
6,01%;0,00%;93,36%;0;0
6,04%;0,00%;93,29%;2;1
6,07%;0,00%;93,29%;0;0
6,10%;30,00%;93,29%;2;0
6,13%;0,00%;93,21%;1;1
6,16%;0,00%;93,21%;1;0
6,19%;0,00%;93,21%;2;0
6,21%;0,00%;93,21%;0;0
6,24%;0,00%;93,21%;0;0
6,27%;0,00%;93,21%;0;0
6,30%;0,00%;93,14%;1;1
6,33%;0,00%;93,14%;0;0
6,36%;0,00%;93,07%;1;1
6,39%;0,00%;93,07%;0;0
6,41%;40,00%;93,07%;1;1
6,44%;0,00%;93,00%;0;0
6,47%;0,00%;93,00%;0;0
6,50%;0,00%;93,00%;0;0
6,53%;50,00%;92,93%;2;2
6,56%;0,00%;92,86%;0;0
6,59%;0,00%;92,86%;0;0
6,62%;0,00%;92,86%;0;0
6,64%;0,00%;92,86%;0;0
6,67%;0,00%;92,79%;1;1
6,70%;0,00%;92,79%;0;0
6,73%;0,00%;92,71%;1;1
6,76%;0,00%;92,71%;0;0
6,79%;0,00%;92,64%;1;1
6,82%;0,00%;92,64%;0;0
6,84%;0,00%;92,64%;0;0
6,87%;0,00%;92,64%;0;0
6,90%;0,00%;92,64%;0;0
6,93%;0,00%;92,64%;0;0
6,96%;0,00%;92,64%;0;0
6,99%;0,00%;92,64%;0;0
7,02%;0,00%;92,64%;0;0
7,04%;0,00%;92,64%;0;0
7,07%;0,00%;92,64%;0;0
7,10%;0,00%;92,64%;0;0
7,13%;80,00%;92,64%;1;1
7,16%;0,00%;92,57%;0;0
7,19%;0,00%;92,57%;0;0
7,22%;0,00%;92,57%;0;0
7,25%;0,00%;92,57%;0;0
7,27%;0,00%;92,57%;0;0
7,30%;90,00%;92,57%;1;1
7,33%;0,00%;92,50%;0;0
7,36%;0,00%;92,50%;0;0
7,39%;0,00%;92,50%;0;0
7,42%;0,00%;92,50%;0;0
7,45%;0,00%;92,50%;0;0
7,47%;0,00%;92,50%;0;0
7,50%;0,00%;92,50%;0;0
7,53%;0,00%;92,50%;0;0
7,56%;0,00%;92,50%;0;0
7,59%;0,00%;92,50%;0;0
7,62%;0,00%;92,50%;0;0
7,65%;0,00%;92,50%;0;0
7,67%;0,00%;92,50%;0;0
7,70%;0,00%;92,50%;0;0
7,73%;0,00%;92,43%;1;1
7,76%;0,00%;92,43%;0;0
7,79%;0,00%;92,43%;0;0
7,82%;0,00%;92,43%;0;0
7,85%;0,00%;92,43%;0;0
7,88%;0,00%;92,43%;0;0
7,90%;0,00%;92,43%;0;0
7,93%;0,00%;92,43%;0;0
7,96%;0,00%;92,43%;0;0
7,99%;0,00%;92,43%;0;0
8,02%;0,00%;92,43%;0;0
8,05%;0,00%;92,43%;0;0
8,08%;0,00%;92,36%;1;1
8,10%;0,00%;92,36%;0;0
8,13%;0,00%;92,36%;0;0
8,16%;0,00%;92,36%;0;0
8,19%;0,00%;92,36%;0;0
8,22%;0,00%;92,36%;0;0
8,25%;0,00%;92,36%;0;0
8,28%;0,00%;92,29%;1;1
8,30%;0,00%;92,29%;0;0
8,33%;0,00%;92,29%;0;0
8,36%;0,00%;92,29%;0;0
8,39%;0,00%;92,29%;0;0
8,42%;0,00%;92,21%;1;1
8,45%;0,00%;92,21%;0;0
8,48%;0,00%;92,21%;0;0
8,51%;0,00%;92,21%;0;0
8,53%;0,00%;92,21%;0;0
8,56%;0,00%;92,21%;0;0
8,59%;0,00%;92,21%;0;0
8,62%;0,00%;92,21%;0;0
8,65%;0,00%;92,07%;2;2
8,68%;0,00%;92,00%;1;1
8,71%;0,00%;92,00%;0;0
8,73%;0,00%;92,00%;0;0
8,76%;100,00%;92,00%;1;1
8,79%;100,00%;91,86%;2;2
8,82%;0,00%;91,71%;1;1
8,85%;0,00%;91,71%;0;0
8,88%;0,00%;91,71%;0;0
8,91%;0,00%;91,71%;0;0
8,93%;0,00%;91,71%;0;0
8,96%;0,00%;91,71%;0;0
8,99%;0,00%;91,71%;0;0
9,02%;0,00%;91,71%;0;0
9,05%;0,00%;91,50%;3;3
9,08%;0,00%;91,36%;2;2
9,11%;100,00%;91,36%;1;1
9,14%;0,00%;91,14%;2;2
9,16%;0,00%;91,14%;0;0
9,19%;0,00%;91,07%;1;1
9,22%;0,00%;91,07%;0;0
9,25%;0,00%;91,00%;1;1
9,28%;0,00%;91,00%;0;0
9,31%;0,00%;91,00%;0;0
9,34%;0,00%;90,93%;1;1
9,36%;0,00%;90,86%;1;1
9,39%;100,00%;90,71%;3;3
9,42%;0,00%;90,57%;1;1
9,45%;0,00%;90,43%;2;2
9,48%;100,00%;90,29%;3;3
9,51%;0,00%;90,14%;1;1
9,54%;0,00%;90,07%;1;1
9,56%;0,00%;90,07%;0;0
9,59%;0,00%;90,07%;3;0
9,62%;0,00%;90,00%;1;1
9,65%;0,00%;90,00%;1;0
9,68%;0,00%;89,93%;5;1
9,71%;20,00%;89,93%;3;0
9,74%;10,00%;89,93%;2;0
9,77%;20,00%;89,86%;5;1
9,79%;10,00%;89,86%;5;0
9,82%;10,00%;89,79%;3;1
9,85%;0,00%;89,79%;0;0
9,88%;0,00%;89,79%;2;0
9,91%;0,00%;89,71%;3;1
9,94%;20,00%;89,71%;1;0
9,97%;20,00%;89,71%;3;0
9,99%;10,00%;89,71%;1;1
10,02%;0,00%;89,64%;2;0
10,05%;0,00%;89,64%;1;0
10,08%;0,00%;89,64%;0;0
10,11%;20,00%;89,57%;4;1
10,14%;20,00%;89,50%;4;1
10,17%;10,00%;89,50%;7;0
10,19%;10,00%;89,50%;1;0
10,22%;10,00%;89,43%;3;1
10,25%;0,00%;89,43%;2;0
10,28%;10,00%;89,43%;4;0
10,31%;0,00%;89,36%;1;1
10,34%;10,00%;89,36%;2;0
10,37%;0,00%;89,36%;1;0
10,40%;20,00%;89,29%;3;1
10,42%;20,00%;89,29%;3;0
10,45%;0,00%;89,29%;3;0
10,48%;10,00%;89,21%;3;1
10,51%;10,00%;89,21%;3;0
10,54%;0,00%;89,14%;1;1
10,57%;0,00%;89,14%;4;0
10,60%;0,00%;89,14%;0;0
10,62%;20,00%;89,07%;3;1
10,65%;0,00%;89,07%;1;0
10,68%;0,00%;89,07%;0;0
10,71%;0,00%;89,07%;0;0
10,74%;0,00%;89,07%;0;0
10,77%;0,00%;89,00%;1;1
10,80%;0,00%;89,00%;0;0
10,82%;0,00%;88,93%;2;1
10,85%;0,00%;88,86%;1;1
10,88%;0,00%;88,86%;1;0
10,91%;0,00%;88,79%;2;1
10,94%;0,00%;88,79%;1;0
10,97%;0,00%;88,79%;2;0
11,00%;30,00%;88,71%;3;1
11,03%;0,00%;88,71%;0;0
11,05%;0,00%;88,71%;0;0
11,08%;0,00%;88,64%;1;1
11,11%;0,00%;88,64%;0;0
11,14%;0,00%;88,64%;0;0
11,17%;0,00%;88,57%;1;1
11,20%;0,00%;88,57%;2;0
11,23%;0,00%;88,50%;1;1
11,25%;0,00%;88,50%;2;0
11,28%;0,00%;88,50%;1;0
11,31%;0,00%;88,43%;1;1
11,34%;0,00%;88,43%;0;0
11,37%;50,00%;88,36%;2;1
11,40%;40,00%;88,36%;1;0
11,43%;0,00%;88,36%;2;0
11,45%;0,00%;88,29%;1;1
11,48%;0,00%;88,29%;0;0
11,51%;0,00%;88,29%;0;0
11,54%;0,00%;88,21%;1;1
11,57%;0,00%;88,21%;0;0
11,60%;0,00%;88,21%;2;0
11,63%;0,00%;88,14%;1;1
11,66%;0,00%;88,14%;0;0
11,68%;0,00%;88,07%;1;1
11,71%;0,00%;88,07%;2;0
11,74%;50,00%;88,00%;3;1
11,77%;0,00%;88,00%;1;0
11,80%;0,00%;88,00%;1;0
11,83%;0,00%;88,00%;0;0
11,86%;40,00%;87,93%;2;1
11,88%;0,00%;87,93%;1;0
11,91%;0,00%;87,86%;1;1
11,94%;0,00%;87,86%;2;0
11,97%;0,00%;87,86%;4;0
12,00%;0,00%;87,86%;0;0
12,03%;0,00%;87,86%;0;0
12,06%;30,00%;87,71%;3;2
12,08%;0,00%;87,71%;1;0
12,11%;0,00%;87,71%;0;0
12,14%;0,00%;87,64%;1;1
12,17%;0,00%;87,64%;0;0
12,20%;0,00%;87,64%;4;0
12,23%;40,00%;87,57%;2;1
12,26%;0,00%;87,57%;2;0
12,29%;0,00%;87,57%;1;0
12,31%;0,00%;87,50%;1;1
12,34%;0,00%;87,50%;0;0
12,37%;0,00%;87,50%;0;0
12,40%;0,00%;87,43%;1;1
12,43%;0,00%;87,43%;2;0
12,46%;0,00%;87,43%;0;0
12,49%;0,00%;87,36%;2;1
12,51%;0,00%;87,36%;1;0
12,54%;0,00%;87,29%;1;1
12,57%;0,00%;87,29%;3;0
12,60%;0,00%;87,29%;0;0
12,63%;0,00%;87,21%;1;1
12,66%;30,00%;87,21%;3;1
12,69%;30,00%;87,14%;2;0
12,71%;0,00%;87,14%;0;0
12,74%;0,00%;87,14%;1;0
12,77%;30,00%;87,07%;2;1
12,80%;20,00%;87,07%;3;0
12,83%;20,00%;87,07%;1;1
12,86%;0,00%;87,00%;2;0
12,89%;0,00%;87,00%;4;0
12,92%;0,00%;86,93%;2;1
12,94%;20,00%;86,93%;2;0
12,97%;0,00%;86,86%;2;1
13,00%;0,00%;86,86%;3;0
13,03%;20,00%;86,86%;2;0
13,06%;20,00%;86,79%;3;1
13,09%;0,00%;86,79%;2;0
13,12%;10,00%;86,79%;2;1
13,14%;0,00%;86,71%;3;0
13,17%;10,00%;86,71%;3;0
13,20%;0,00%;86,71%;1;0
13,23%;0,00%;86,64%;1;1
13,26%;0,00%;86,64%;1;0
13,29%;0,00%;86,57%;3;1
13,32%;0,00%;86,57%;3;0
13,34%;0,00%;86,57%;1;0
13,37%;0,00%;86,50%;2;1
13,40%;0,00%;86,50%;0;0
13,43%;0,00%;86,43%;2;1
13,46%;0,00%;86,43%;1;0
13,49%;0,00%;86,43%;1;0
13,52%;0,00%;86,36%;4;1
13,55%;20,00%;86,36%;3;0
13,57%;20,00%;86,29%;2;1
13,60%;20,00%;86,29%;2;0
13,63%;0,00%;86,29%;6;0
13,66%;0,00%;86,21%;2;1
13,69%;0,00%;86,21%;2;0
13,72%;0,00%;86,21%;1;0
13,75%;0,00%;86,14%;1;1
13,77%;0,00%;86,14%;1;0
13,80%;20,00%;86,14%;4;1
13,83%;0,00%;86,07%;2;0
13,86%;20,00%;86,07%;1;0
13,89%;0,00%;86,07%;0;0
13,92%;0,00%;86,00%;1;1
13,95%;20,00%;86,00%;2;0
13,97%;0,00%;85,93%;4;1
14,00%;0,00%;85,93%;2;0
14,03%;0,00%;85,86%;4;1
14,06%;10,00%;85,86%;3;0
14,09%;0,00%;85,86%;2;0
14,12%;0,00%;85,79%;1;1
14,15%;20,00%;85,79%;2;0
14,18%;0,00%;85,79%;0;0
14,20%;0,00%;85,79%;0;0
14,23%;0,00%;85,79%;0;0
14,26%;0,00%;85,79%;0;0
14,29%;0,00%;85,71%;1;1
14,32%;0,00%;85,64%;2;1
14,35%;0,00%;85,64%;0;0
14,38%;30,00%;85,64%;1;1
14,40%;0,00%;85,57%;0;0
14,43%;0,00%;85,57%;0;0
14,46%;0,00%;85,57%;0;0
14,49%;0,00%;85,43%;2;2
14,52%;0,00%;85,43%;0;0
14,55%;0,00%;85,43%;0;0
14,58%;60,00%;85,43%;1;1
14,60%;0,00%;85,36%;0;0
14,63%;0,00%;85,36%;0;0
14,66%;0,00%;85,29%;1;1
14,69%;0,00%;85,29%;1;0
14,72%;0,00%;85,21%;1;1
14,75%;80,00%;85,21%;1;0
14,78%;0,00%;85,21%;0;0
14,81%;0,00%;85,14%;1;1
14,83%;0,00%;85,14%;0;0
14,86%;0,00%;85,14%;0;0
14,89%;0,00%;85,14%;0;0
14,92%;0,00%;85,14%;0;0
14,95%;0,00%;85,14%;0;0
14,98%;0,00%;85,14%;0;0
15,01%;0,00%;85,14%;0;0
15,03%;0,00%;85,14%;0;0
15,06%;0,00%;85,14%;0;0
15,09%;0,00%;85,14%;0;0
15,12%;0,00%;85,14%;0;0
15,15%;0,00%;85,14%;0;0
15,18%;0,00%;85,14%;0;0
15,21%;0,00%;85,14%;0;0
15,23%;0,00%;85,07%;1;1
15,26%;0,00%;85,07%;0;0
15,29%;0,00%;85,07%;0;0
15,32%;0,00%;85,07%;0;0
15,35%;0,00%;85,07%;0;0
15,38%;0,00%;85,07%;0;0
15,41%;0,00%;85,07%;0;0
15,44%;0,00%;85,07%;0;0
15,46%;0,00%;85,07%;0;0
15,49%;80,00%;85,07%;1;1
15,52%;0,00%;85,00%;0;0
15,55%;0,00%;85,00%;0;0
15,58%;0,00%;85,00%;0;0
15,61%;0,00%;85,00%;0;0
15,64%;0,00%;85,00%;0;0
15,66%;0,00%;85,00%;0;0
15,69%;0,00%;85,00%;0;0
15,72%;0,00%;85,00%;0;0
15,75%;0,00%;85,00%;0;0
15,78%;0,00%;85,00%;0;0
15,81%;0,00%;85,00%;0;0
15,84%;0,00%;85,00%;0;0
15,86%;0,00%;85,00%;0;0
15,89%;0,00%;84,93%;1;1
15,92%;0,00%;84,93%;0;0
15,95%;0,00%;84,93%;0;0
15,98%;0,00%;84,93%;0;0
16,01%;0,00%;84,93%;0;0
16,04%;0,00%;84,93%;0;0
16,07%;0,00%;84,86%;1;1
16,09%;0,00%;84,86%;0;0
16,12%;0,00%;84,86%;0;0
16,15%;0,00%;84,86%;0;0
16,18%;0,00%;84,79%;1;1
16,21%;0,00%;84,79%;0;0
16,24%;0,00%;84,79%;0;0
16,27%;0,00%;84,79%;0;0
16,29%;80,00%;84,79%;1;1
16,32%;0,00%;84,64%;1;1
16,35%;0,00%;84,64%;0;0
16,38%;0,00%;84,64%;0;0
16,41%;0,00%;84,57%;1;1
16,44%;0,00%;84,57%;0;0
16,47%;0,00%;84,57%;0;0
16,49%;0,00%;84,57%;0;0
16,52%;0,00%;84,50%;1;1
16,55%;0,00%;84,50%;0;0
16,58%;0,00%;84,50%;0;0
16,61%;0,00%;84,50%;0;0
16,64%;0,00%;84,50%;0;0
16,67%;0,00%;84,36%;2;2
16,70%;0,00%;84,36%;0;0
16,72%;0,00%;84,29%;1;1
16,75%;0,00%;84,29%;0;0
16,78%;0,00%;84,29%;0;0
16,81%;0,00%;84,29%;0;0
16,84%;0,00%;84,21%;1;1
16,87%;0,00%;84,21%;0;0
16,90%;0,00%;84,14%;1;1
16,92%;0,00%;84,14%;0;0
16,95%;0,00%;84,14%;0;0
16,98%;0,00%;84,07%;1;1
17,01%;0,00%;84,00%;1;1
17,04%;0,00%;84,00%;0;0
17,07%;0,00%;84,00%;0;0
17,10%;0,00%;84,00%;0;0
17,12%;0,00%;84,00%;0;0
17,15%;0,00%;84,00%;0;0
17,18%;0,00%;83,93%;1;1
17,21%;0,00%;83,93%;0;0
17,24%;0,00%;83,93%;0;0
17,27%;100,00%;83,86%;2;2
17,30%;0,00%;83,79%;0;0
17,33%;0,00%;83,79%;0;0
17,35%;0,00%;83,64%;2;2
17,38%;0,00%;83,64%;0;0
17,41%;0,00%;83,64%;0;0
17,44%;0,00%;83,64%;0;0
17,47%;0,00%;83,64%;0;0
17,50%;0,00%;83,64%;0;0
17,53%;100,00%;83,57%;2;2
17,55%;0,00%;83,50%;0;0
17,58%;100,00%;83,43%;2;2
17,61%;0,00%;83,29%;1;1
17,64%;0,00%;83,29%;0;0
17,67%;0,00%;83,29%;0;0
17,70%;0,00%;83,07%;3;3
17,73%;0,00%;82,93%;2;2
17,75%;0,00%;82,79%;2;2
17,78%;0,00%;82,79%;0;0
17,81%;0,00%;82,79%;0;0
17,84%;0,00%;82,57%;3;3
17,87%;0,00%;82,57%;0;0
17,90%;100,00%;82,36%;4;4
17,93%;80,00%;82,21%;4;1
17,96%;60,00%;82,14%;3;1
17,98%;10,00%;82,14%;6;0
18,01%;0,00%;82,14%;2;0
18,04%;0,00%;82,07%;5;1
18,07%;10,00%;82,07%;6;0
18,10%;0,00%;82,07%;4;0
18,13%;0,00%;82,00%;3;1
18,16%;10,00%;82,00%;4;0
18,18%;0,00%;82,00%;2;0
18,21%;0,00%;81,93%;2;1
18,24%;0,00%;81,93%;3;0
18,27%;0,00%;81,86%;3;1
18,30%;0,00%;81,86%;2;0
18,33%;0,00%;81,86%;0;0
18,36%;20,00%;81,79%;7;1
18,38%;0,00%;81,79%;3;0
18,41%;0,00%;81,71%;3;1
18,44%;0,00%;81,71%;6;0
18,47%;0,00%;81,71%;3;0
18,50%;0,00%;81,64%;3;1
18,53%;10,00%;81,64%;3;0
18,56%;0,00%;81,57%;4;1
18,59%;10,00%;81,57%;3;0
18,61%;10,00%;81,57%;3;0
18,64%;0,00%;81,57%;0;0
18,67%;10,00%;81,50%;6;1
18,70%;0,00%;81,50%;3;0
18,73%;10,00%;81,43%;3;1
18,76%;10,00%;81,43%;2;0
18,79%;20,00%;81,36%;6;1
18,81%;0,00%;81,36%;4;0
18,84%;0,00%;81,36%;5;0
18,87%;10,00%;81,29%;2;1
18,90%;0,00%;81,29%;2;0
18,93%;10,00%;81,29%;1;1
18,96%;0,00%;81,21%;1;0
18,99%;20,00%;81,21%;5;0
19,01%;10,00%;81,14%;5;1
19,04%;0,00%;81,14%;1;0
19,07%;10,00%;81,14%;6;0
19,10%;10,00%;81,07%;4;1
19,13%;10,00%;81,07%;4;0
19,16%;10,00%;81,00%;5;1
19,19%;0,00%;81,00%;2;0
19,22%;10,00%;81,00%;1;0
19,24%;0,00%;80,93%;3;1
19,27%;20,00%;80,93%;2;0
19,30%;10,00%;80,93%;2;1
19,33%;0,00%;80,86%;1;0
19,36%;20,00%;80,86%;4;0
19,39%;0,00%;80,86%;1;0
19,42%;0,00%;80,79%;1;1
19,44%;0,00%;80,79%;1;0
19,47%;0,00%;80,71%;1;1
19,50%;0,00%;80,71%;2;0
19,53%;20,00%;80,71%;1;1
19,56%;0,00%;80,64%;3;0
19,59%;0,00%;80,64%;1;0
19,62%;30,00%;80,57%;3;1
19,64%;0,00%;80,57%;1;0
19,67%;0,00%;80,57%;5;0
19,70%;0,00%;80,50%;2;1
19,73%;0,00%;80,50%;2;0
19,76%;0,00%;80,43%;1;1
19,79%;0,00%;80,43%;0;0
19,82%;0,00%;80,43%;1;0
19,85%;0,00%;80,36%;5;1
19,87%;20,00%;80,36%;2;0
19,90%;0,00%;80,29%;4;1
19,93%;10,00%;80,29%;3;0
19,96%;0,00%;80,29%;1;0
19,99%;0,00%;80,21%;4;1
20,02%;10,00%;80,21%;6;0
20,05%;0,00%;80,21%;3;0
20,07%;0,00%;80,14%;3;1
20,10%;0,00%;80,14%;0;0
20,13%;20,00%;80,07%;3;1
20,16%;0,00%;80,07%;0;0
20,19%;20,00%;80,07%;2;0
20,22%;20,00%;80,07%;1;1
20,25%;0,00%;80,00%;2;0
20,27%;0,00%;80,00%;3;0
20,30%;20,00%;79,93%;2;1
20,33%;20,00%;79,93%;1;0
20,36%;0,00%;79,86%;2;1
20,39%;20,00%;79,86%;4;0
20,42%;10,00%;79,86%;3;0
20,45%;20,00%;79,79%;3;1
20,48%;0,00%;79,79%;2;0
20,50%;10,00%;79,79%;1;1
20,53%;0,00%;79,71%;0;0
20,56%;20,00%;79,71%;4;0
20,59%;20,00%;79,64%;4;1
20,62%;0,00%;79,64%;3;0
20,65%;0,00%;79,64%;3;0
20,68%;0,00%;79,57%;5;1
20,70%;0,00%;79,57%;0;0
20,73%;0,00%;79,57%;1;0
20,76%;0,00%;79,50%;2;1
20,79%;10,00%;79,50%;5;0
20,82%;20,00%;79,43%;3;1
20,85%;0,00%;79,43%;3;0
20,88%;20,00%;79,36%;3;1
20,90%;0,00%;79,36%;4;0
20,93%;0,00%;79,36%;2;0
20,96%;10,00%;79,29%;6;1
20,99%;0,00%;79,29%;3;0
21,02%;20,00%;79,21%;2;1
21,05%;0,00%;79,21%;2;0
21,08%;0,00%;79,21%;0;0
21,11%;0,00%;79,14%;4;1
21,13%;0,00%;79,14%;3;0
21,16%;0,00%;79,14%;4;0
21,19%;0,00%;79,14%;0;0
21,22%;10,00%;79,14%;1;1
21,25%;20,00%;79,07%;2;1
21,28%;20,00%;79,00%;5;0
21,31%;0,00%;79,00%;4;0
21,33%;0,00%;79,00%;2;1
21,36%;10,00%;78,93%;3;0
21,39%;10,00%;78,93%;7;1
21,42%;10,00%;78,86%;3;0
21,45%;10,00%;78,86%;4;0
21,48%;0,00%;78,79%;3;1
21,51%;10,00%;78,79%;5;0
21,53%;0,00%;78,79%;1;0
21,56%;0,00%;78,71%;5;1
21,59%;0,00%;78,71%;0;0
21,62%;0,00%;78,71%;1;0
21,65%;0,00%;78,64%;1;1
21,68%;0,00%;78,64%;1;0
21,71%;30,00%;78,57%;3;1
21,74%;0,00%;78,57%;2;0
21,76%;0,00%;78,57%;2;0
21,79%;0,00%;78,50%;1;1
21,82%;0,00%;78,50%;1;0
21,85%;0,00%;78,43%;3;1
21,88%;0,00%;78,43%;4;0
21,91%;0,00%;78,43%;1;0
21,94%;0,00%;78,36%;1;1
21,96%;20,00%;78,36%;2;0
21,99%;0,00%;78,36%;2;0
22,02%;0,00%;78,29%;1;1
22,05%;0,00%;78,29%;1;0
22,08%;0,00%;78,29%;0;0
22,11%;20,00%;78,29%;1;1
22,14%;30,00%;78,21%;1;1
22,16%;0,00%;78,14%;1;0
22,19%;30,00%;78,14%;2;0
22,22%;0,00%;78,14%;0;0
22,25%;0,00%;78,07%;1;1
22,28%;0,00%;78,07%;0;0
22,31%;0,00%;78,07%;0;0
22,34%;0,00%;78,07%;0;0
22,37%;0,00%;77,93%;2;2
22,39%;0,00%;77,93%;3;0
22,42%;0,00%;77,93%;0;0
22,45%;0,00%;77,93%;0;0
22,48%;0,00%;77,93%;0;0
22,51%;0,00%;77,86%;3;1
22,54%;40,00%;77,79%;3;1
22,57%;30,00%;77,79%;1;0
22,59%;0,00%;77,71%;1;1
22,62%;30,00%;77,71%;2;0
22,65%;0,00%;77,71%;0;0
22,68%;30,00%;77,64%;2;1
22,71%;0,00%;77,64%;1;0
22,74%;30,00%;77,64%;1;1
22,77%;0,00%;77,57%;1;0
22,79%;0,00%;77,57%;2;0
22,82%;0,00%;77,57%;0;0
22,85%;0,00%;77,50%;2;1
22,88%;0,00%;77,50%;0;0
22,91%;0,00%;77,50%;0;0
22,94%;0,00%;77,50%;0;0
22,97%;0,00%;77,50%;0;0
23,00%;0,00%;77,43%;1;1
23,02%;40,00%;77,36%;2;2
23,05%;0,00%;77,29%;0;0
23,08%;0,00%;77,29%;1;0
23,11%;0,00%;77,21%;1;1
23,14%;0,00%;77,21%;0;0
23,17%;0,00%;77,21%;0;0
23,20%;0,00%;77,14%;1;1
23,22%;0,00%;77,14%;0;0
23,25%;60,00%;77,14%;1;1
23,28%;0,00%;77,07%;0;0
23,31%;0,00%;77,07%;0;0
23,34%;0,00%;77,07%;0;0
23,37%;0,00%;77,07%;0;0
23,40%;0,00%;77,07%;0;0
23,42%;0,00%;77,07%;0;0
23,45%;0,00%;77,07%;0;0
23,48%;0,00%;77,07%;0;0
23,51%;0,00%;77,07%;0;0
23,54%;0,00%;77,07%;0;0
23,57%;0,00%;77,07%;0;0
23,60%;0,00%;77,00%;1;1
23,63%;0,00%;77,00%;0;0
23,65%;0,00%;77,00%;0;0
23,68%;0,00%;76,93%;1;1
23,71%;0,00%;76,93%;0;0
23,74%;0,00%;76,79%;2;2
23,77%;0,00%;76,79%;0;0
23,80%;0,00%;76,79%;0;0
23,83%;0,00%;76,79%;0;0
23,85%;0,00%;76,79%;0;0
23,88%;0,00%;76,79%;0;0
23,91%;0,00%;76,79%;0;0
23,94%;0,00%;76,79%;0;0
23,97%;0,00%;76,71%;1;1
24,00%;0,00%;76,71%;0;0
24,03%;0,00%;76,71%;0;0
24,05%;0,00%;76,71%;0;0
24,08%;0,00%;76,71%;0;0
24,11%;0,00%;76,71%;0;0
24,14%;90,00%;76,71%;1;1
24,17%;0,00%;76,64%;0;0
24,20%;0,00%;76,64%;0;0
24,23%;0,00%;76,57%;1;1
24,26%;0,00%;76,57%;0;0
24,28%;0,00%;76,57%;0;0
24,31%;0,00%;76,57%;0;0
24,34%;0,00%;76,57%;0;0
24,37%;0,00%;76,57%;0;0
24,40%;0,00%;76,57%;0;0
24,43%;0,00%;76,57%;0;0
24,46%;0,00%;76,57%;0;0
24,48%;0,00%;76,57%;0;0
24,51%;0,00%;76,57%;0;0
24,54%;0,00%;76,57%;0;0
24,57%;0,00%;76,57%;0;0
24,60%;0,00%;76,57%;0;0
24,63%;0,00%;76,50%;1;1
24,66%;0,00%;76,50%;0;0
24,68%;0,00%;76,50%;0;0
24,71%;0,00%;76,50%;0;0
24,74%;0,00%;76,43%;1;1
24,77%;0,00%;76,43%;0;0
24,80%;0,00%;76,43%;0;0
24,83%;100,00%;76,43%;1;1
24,86%;0,00%;76,36%;0;0
24,89%;0,00%;76,36%;0;0
24,91%;0,00%;76,36%;0;0
24,94%;0,00%;76,36%;0;0
24,97%;0,00%;76,29%;1;1
25,00%;100,00%;76,29%;1;1
25,03%;0,00%;76,21%;0;0
25,06%;0,00%;76,21%;0;0
25,09%;0,00%;76,21%;0;0
25,11%;0,00%;76,21%;0;0
25,14%;0,00%;76,21%;0;0
25,17%;0,00%;76,14%;1;1
25,20%;0,00%;76,14%;0;0
25,23%;0,00%;76,14%;0;0
25,26%;0,00%;76,07%;1;1
25,29%;0,00%;76,07%;0;0
25,32%;0,00%;76,07%;0;0
25,34%;0,00%;76,00%;1;1
25,37%;0,00%;76,00%;0;0
25,40%;0,00%;75,93%;1;1
25,43%;0,00%;75,93%;0;0
25,46%;100,00%;75,93%;1;1
25,49%;100,00%;75,79%;2;2
25,52%;0,00%;75,71%;0;0
25,54%;0,00%;75,71%;0;0
25,57%;0,00%;75,71%;0;0
25,60%;0,00%;75,64%;1;1
25,63%;0,00%;75,57%;1;1
25,66%;0,00%;75,50%;1;1
25,69%;0,00%;75,50%;0;0
25,72%;0,00%;75,50%;0;0
25,74%;0,00%;75,43%;1;1
25,77%;0,00%;75,43%;0;0
25,80%;0,00%;75,36%;1;1
25,83%;0,00%;75,36%;0;0
25,86%;100,00%;75,36%;1;1
25,89%;100,00%;75,29%;1;1
25,92%;100,00%;75,21%;1;1
25,95%;0,00%;75,00%;2;2
25,97%;0,00%;74,93%;1;1
26,00%;0,00%;74,79%;2;2
26,03%;0,00%;74,79%;0;0
26,06%;0,00%;74,71%;1;1
26,09%;0,00%;74,50%;3;3
26,12%;0,00%;74,50%;0;0
26,15%;100,00%;74,43%;2;2
26,17%;0,00%;74,36%;0;0
26,20%;90,00%;74,21%;4;2
26,23%;70,00%;74,21%;2;0
26,26%;0,00%;74,21%;2;0
26,29%;40,00%;74,14%;2;1
26,32%;0,00%;74,14%;1;0
26,35%;10,00%;74,14%;5;1
26,37%;0,00%;74,07%;1;0
26,40%;20,00%;74,07%;2;0
26,43%;0,00%;74,00%;2;1
26,46%;20,00%;74,00%;2;0
26,49%;0,00%;74,00%;5;0
26,52%;10,00%;73,93%;5;1
26,55%;0,00%;73,93%;6;0
26,58%;10,00%;73,86%;6;1
26,60%;10,00%;73,86%;3;0
26,63%;0,00%;73,86%;5;0
26,66%;0,00%;73,79%;4;1
26,69%;0,00%;73,79%;4;0
26,72%;0,00%;73,79%;1;0
26,75%;10,00%;73,71%;5;1
26,78%;10,00%;73,71%;3;0
26,80%;10,00%;73,64%;6;1
26,83%;10,00%;73,64%;5;0
26,86%;0,00%;73,64%;5;1
26,89%;0,00%;73,57%;2;0
26,92%;0,00%;73,57%;6;0
26,95%;10,00%;73,50%;4;1
26,98%;10,00%;73,50%;4;0
27,00%;0,00%;73,50%;4;0
27,03%;0,00%;73,43%;4;1
27,06%;0,00%;73,43%;10;0
27,09%;10,00%;73,36%;11;1
27,12%;10,00%;73,36%;2;0
27,15%;0,00%;73,36%;7;0
27,18%;0,00%;73,29%;2;1
27,21%;10,00%;73,29%;4;0
27,23%;10,00%;73,29%;1;1
27,26%;10,00%;73,21%;5;0
27,29%;0,00%;73,21%;3;0
27,32%;10,00%;73,14%;7;1
27,35%;0,00%;73,14%;3;0
27,38%;10,00%;73,07%;4;1
27,41%;0,00%;73,07%;1;0
27,43%;10,00%;73,07%;3;0
27,46%;20,00%;73,00%;5;1
27,49%;0,00%;73,00%;4;0
27,52%;0,00%;73,00%;2;0
27,55%;10,00%;72,93%;7;1
27,58%;0,00%;72,93%;2;0
27,61%;0,00%;72,93%;2;0
27,63%;10,00%;72,86%;5;1
27,66%;0,00%;72,86%;2;0
27,69%;20,00%;72,79%;2;1
27,72%;10,00%;72,79%;4;0
27,75%;0,00%;72,71%;5;1
27,78%;0,00%;72,71%;0;0
27,81%;10,00%;72,71%;3;0
27,84%;20,00%;72,64%;4;1
27,86%;10,00%;72,64%;3;0
27,89%;0,00%;72,64%;2;0
27,92%;20,00%;72,57%;2;1
27,95%;0,00%;72,57%;2;0
27,98%;0,00%;72,50%;5;1
28,01%;0,00%;72,50%;0;0
28,04%;0,00%;72,50%;3;0
28,06%;0,00%;72,43%;8;1
28,09%;0,00%;72,43%;5;0
28,12%;10,00%;72,36%;7;1
28,15%;0,00%;72,36%;3;0
28,18%;0,00%;72,36%;3;0
28,21%;0,00%;72,29%;4;1
28,24%;0,00%;72,29%;1;0
28,26%;10,00%;72,29%;3;1
28,29%;0,00%;72,21%;0;0
28,32%;0,00%;72,21%;2;0
28,35%;20,00%;72,14%;3;1
28,38%;20,00%;72,14%;5;0
28,41%;0,00%;72,07%;4;1
28,44%;0,00%;72,07%;3;0
28,47%;10,00%;72,07%;5;0
28,49%;0,00%;72,00%;2;1
28,52%;10,00%;72,00%;2;0
28,55%;10,00%;72,00%;1;1
28,58%;20,00%;71,93%;4;0
28,61%;10,00%;71,93%;3;0
28,64%;0,00%;71,86%;8;1
28,67%;10,00%;71,86%;2;0
28,69%;0,00%;71,86%;6;1
28,72%;0,00%;71,79%;0;0
28,75%;0,00%;71,79%;1;0
28,78%;0,00%;71,71%;3;1
28,81%;20,00%;71,71%;5;0
28,84%;0,00%;71,71%;3;0
28,87%;0,00%;71,64%;1;1
28,89%;10,00%;71,64%;6;0
28,92%;0,00%;71,64%;2;0
28,95%;10,00%;71,57%;3;1
28,98%;0,00%;71,57%;2;0
29,01%;0,00%;71,50%;1;1
29,04%;0,00%;71,50%;4;0
29,07%;10,00%;71,50%;3;1
29,10%;20,00%;71,43%;2;0
29,12%;0,00%;71,43%;3;0
29,15%;0,00%;71,36%;2;1
29,18%;0,00%;71,36%;5;0
29,21%;10,00%;71,36%;4;1
29,24%;10,00%;71,29%;2;0
29,27%;0,00%;71,29%;2;0
29,30%;10,00%;71,29%;1;1
29,32%;20,00%;71,21%;3;0
29,35%;0,00%;71,21%;0;0
29,38%;0,00%;71,21%;0;0
29,41%;0,00%;71,14%;2;1
29,44%;0,00%;71,07%;1;1
29,47%;0,00%;71,07%;2;0
29,50%;30,00%;71,07%;2;1
29,52%;0,00%;71,00%;4;0
29,55%;10,00%;71,00%;3;0
29,58%;0,00%;70,93%;3;1
29,61%;0,00%;70,93%;1;0
29,64%;0,00%;70,93%;4;0
29,67%;0,00%;70,86%;2;1
29,70%;0,00%;70,86%;1;0
29,73%;0,00%;70,79%;2;1
29,75%;0,00%;70,79%;3;0
29,78%;0,00%;70,79%;1;0
29,81%;30,00%;70,71%;2;1
29,84%;0,00%;70,71%;2;0
29,87%;20,00%;70,64%;4;1
29,90%;0,00%;70,64%;2;0
29,93%;0,00%;70,64%;0;0
29,95%;0,00%;70,57%;1;1
29,98%;0,00%;70,57%;1;0
30,01%;0,00%;70,57%;0;0
30,04%;0,00%;70,57%;0;0
30,07%;0,00%;70,50%;1;1
30,10%;0,00%;70,43%;3;1
30,13%;30,00%;70,43%;1;0
30,15%;0,00%;70,43%;1;0
30,18%;30,00%;70,36%;4;1
30,21%;10,00%;70,36%;6;0
30,24%;10,00%;70,29%;2;1
30,27%;10,00%;70,29%;2;0
30,30%;0,00%;70,29%;3;0
30,33%;0,00%;70,29%;0;0
30,36%;0,00%;70,21%;1;1
30,38%;0,00%;70,14%;1;1
30,41%;30,00%;70,14%;2;0
30,44%;0,00%;70,14%;2;0
30,47%;0,00%;70,07%;1;1
30,50%;30,00%;70,07%;2;0
30,53%;0,00%;70,07%;0;0
30,56%;0,00%;70,07%;0;0
30,58%;0,00%;70,07%;0;0
30,61%;0,00%;70,07%;0;0
30,64%;30,00%;70,07%;1;1
30,67%;0,00%;70,00%;0;0
30,70%;40,00%;69,93%;2;2
30,73%;0,00%;69,86%;0;0
30,76%;0,00%;69,86%;0;0
30,78%;0,00%;69,86%;0;0
30,81%;40,00%;69,86%;1;1
30,84%;60,00%;69,71%;2;1
30,87%;0,00%;69,71%;2;0
30,90%;0,00%;69,64%;1;1
30,93%;0,00%;69,64%;0;0
30,96%;0,00%;69,64%;0;0
30,99%;0,00%;69,64%;0;0
31,01%;0,00%;69,57%;1;1
31,04%;60,00%;69,57%;2;1
31,07%;0,00%;69,50%;0;0
31,10%;0,00%;69,50%;1;0
31,13%;0,00%;69,50%;0;0
31,16%;0,00%;69,50%;0;0
31,19%;50,00%;69,43%;2;2
31,21%;0,00%;69,36%;0;0
31,24%;0,00%;69,36%;1;0
31,27%;0,00%;69,36%;0;0
31,30%;60,00%;69,29%;2;1
31,33%;0,00%;69,29%;0;0
31,36%;0,00%;69,29%;0;0
31,39%;0,00%;69,29%;0;0
31,41%;0,00%;69,29%;0;0
31,44%;0,00%;69,29%;0;0
31,47%;0,00%;69,29%;0;0
31,50%;0,00%;69,29%;0;0
31,53%;0,00%;69,29%;0;0
31,56%;0,00%;69,29%;0;0
31,59%;60,00%;69,29%;1;1
31,62%;0,00%;69,21%;0;0
31,64%;0,00%;69,21%;0;0
31,67%;0,00%;69,21%;0;0
31,70%;0,00%;69,21%;0;0
31,73%;0,00%;69,21%;0;0
31,76%;0,00%;69,21%;0;0
31,79%;0,00%;69,21%;0;0
31,82%;0,00%;69,21%;0;0
31,84%;0,00%;69,14%;1;1
31,87%;0,00%;69,14%;0;0
31,90%;0,00%;69,14%;0;0
31,93%;0,00%;69,14%;0;0
31,96%;0,00%;69,14%;0;0
31,99%;0,00%;69,14%;0;0
32,02%;0,00%;69,14%;0;0
32,04%;0,00%;69,14%;0;0
32,07%;0,00%;69,14%;0;0
32,10%;0,00%;69,14%;0;0
32,13%;0,00%;69,14%;0;0
32,16%;0,00%;69,14%;0;0
32,19%;0,00%;69,14%;0;0
32,22%;0,00%;69,14%;0;0
32,25%;0,00%;69,14%;0;0
32,27%;0,00%;69,14%;0;0
32,30%;0,00%;69,14%;0;0
32,33%;0,00%;69,14%;0;0
32,36%;0,00%;69,14%;0;0
32,39%;0,00%;69,14%;0;0
32,42%;60,00%;69,14%;1;1
32,45%;0,00%;69,07%;0;0
32,47%;0,00%;69,07%;0;0
32,50%;0,00%;69,07%;0;0
32,53%;0,00%;69,07%;0;0
32,56%;0,00%;69,00%;1;1
32,59%;0,00%;69,00%;0;0
32,62%;0,00%;69,00%;0;0
32,65%;0,00%;69,00%;0;0
32,67%;0,00%;69,00%;0;0
32,70%;0,00%;69,00%;0;0
32,73%;0,00%;69,00%;0;0
32,76%;0,00%;69,00%;0;0
32,79%;0,00%;69,00%;0;0
32,82%;0,00%;69,00%;0;0
32,85%;0,00%;69,00%;0;0
32,88%;0,00%;69,00%;0;0
32,90%;0,00%;69,00%;0;0
32,93%;0,00%;69,00%;0;0
32,96%;0,00%;68,93%;1;1
32,99%;80,00%;68,93%;1;1
33,02%;80,00%;68,86%;1;1
33,05%;0,00%;68,79%;0;0
33,08%;0,00%;68,71%;1;1
33,10%;0,00%;68,71%;0;0
33,13%;0,00%;68,71%;0;0
33,16%;0,00%;68,71%;0;0
33,19%;0,00%;68,71%;0;0
33,22%;0,00%;68,71%;0;0
33,25%;0,00%;68,71%;0;0
33,28%;0,00%;68,71%;0;0
33,30%;0,00%;68,71%;0;0
33,33%;0,00%;68,71%;0;0
33,36%;0,00%;68,71%;0;0
33,39%;0,00%;68,64%;1;1
33,42%;0,00%;68,57%;1;1
33,45%;0,00%;68,57%;0;0
33,48%;0,00%;68,57%;0;0
33,51%;100,00%;68,57%;1;1
33,53%;0,00%;68,50%;0;0
33,56%;0,00%;68,50%;0;0
33,59%;0,00%;68,43%;1;1
33,62%;0,00%;68,43%;0;0
33,65%;0,00%;68,43%;0;0
33,68%;0,00%;68,36%;1;1
33,71%;0,00%;68,36%;0;0
33,73%;0,00%;68,36%;0;0
33,76%;0,00%;68,36%;0;0
33,79%;0,00%;68,36%;0;0
33,82%;0,00%;68,29%;1;1
33,85%;0,00%;68,29%;0;0
33,88%;0,00%;68,21%;1;1
33,91%;0,00%;68,14%;1;1
33,93%;0,00%;68,14%;0;0
33,96%;0,00%;68,14%;0;0
33,99%;0,00%;68,07%;1;1
34,02%;0,00%;68,00%;1;1
34,05%;0,00%;68,00%;0;0
34,08%;0,00%;67,93%;1;1
34,11%;0,00%;67,86%;1;1
34,14%;100,00%;67,79%;2;2
34,16%;0,00%;67,71%;0;0
34,19%;0,00%;67,64%;1;1
34,22%;0,00%;67,57%;1;1
34,25%;0,00%;67,57%;0;0
34,28%;0,00%;67,57%;0;0
34,31%;0,00%;67,50%;1;1
34,34%;0,00%;67,36%;2;2
34,36%;100,00%;67,36%;1;1
34,39%;100,00%;67,21%;2;2
34,42%;0,00%;67,07%;1;1
34,45%;0,00%;67,00%;1;1
34,48%;100,00%;66,86%;3;3
34,51%;0,00%;66,79%;0;0
34,54%;0,00%;66,71%;1;1
34,56%;100,00%;66,57%;3;3
34,59%;100,00%;66,43%;2;2
34,62%;100,00%;66,21%;3;3
34,65%;0,00%;66,07%;1;1
34,68%;0,00%;65,93%;3;2
34,71%;0,00%;65,93%;2;0
34,74%;70,00%;65,93%;1;1
34,77%;0,00%;65,86%;5;0
34,79%;10,00%;65,79%;6;1
34,82%;0,00%;65,79%;0;0
34,85%;0,00%;65,79%;3;0
34,88%;10,00%;65,79%;1;1
34,91%;0,00%;65,71%;1;0
34,94%;0,00%;65,71%;4;0
34,97%;0,00%;65,71%;0;0
34,99%;0,00%;65,64%;1;1
35,02%;30,00%;65,57%;3;1
35,05%;0,00%;65,57%;3;0
35,08%;0,00%;65,57%;4;0
35,11%;0,00%;65,50%;5;1
35,14%;10,00%;65,50%;6;0
35,17%;0,00%;65,43%;1;1
35,19%;10,00%;65,43%;2;0
35,22%;0,00%;65,43%;2;0
35,25%;0,00%;65,36%;2;1
35,28%;0,00%;65,36%;1;0
35,31%;0,00%;65,29%;3;1
35,34%;20,00%;65,29%;3;0
35,37%;0,00%;65,29%;4;0
35,40%;0,00%;65,21%;2;1
35,42%;10,00%;65,21%;5;0
35,45%;0,00%;65,14%;3;1
35,48%;10,00%;65,14%;5;0
35,51%;0,00%;65,14%;1;0
35,54%;0,00%;65,07%;1;1
35,57%;0,00%;65,07%;1;0
35,60%;0,00%;65,07%;2;0
35,62%;0,00%;65,00%;3;1
35,65%;20,00%;65,00%;3;1
35,68%;0,00%;64,93%;1;0
35,71%;0,00%;64,93%;3;0
35,74%;20,00%;64,86%;4;1
35,77%;0,00%;64,86%;2;0
35,80%;0,00%;64,86%;1;0
35,82%;0,00%;64,79%;5;1
35,85%;0,00%;64,79%;2;0
35,88%;0,00%;64,79%;1;0
35,91%;0,00%;64,71%;1;1
35,94%;10,00%;64,71%;3;0
35,97%;20,00%;64,64%;2;1
36,00%;20,00%;64,64%;2;0
36,03%;10,00%;64,64%;5;1
36,05%;0,00%;64,57%;2;0
36,08%;0,00%;64,57%;0;0
36,11%;20,00%;64,50%;3;1
36,14%;0,00%;64,50%;2;0
36,17%;0,00%;64,43%;2;1
36,20%;0,00%;64,43%;3;0
36,23%;0,00%;64,43%;2;0
36,25%;20,00%;64,36%;5;1
36,28%;0,00%;64,36%;2;0
36,31%;20,00%;64,29%;3;1
36,34%;0,00%;64,29%;1;0
36,37%;10,00%;64,29%;3;0
36,40%;20,00%;64,21%;4;1
36,43%;10,00%;64,21%;2;0
36,45%;0,00%;64,21%;2;0
36,48%;0,00%;64,14%;3;1
36,51%;0,00%;64,14%;1;0
36,54%;0,00%;64,07%;2;1
36,57%;0,00%;64,07%;0;0
36,60%;0,00%;64,07%;1;0
36,63%;20,00%;64,00%;5;1
36,66%;20,00%;64,00%;2;0
36,68%;0,00%;64,00%;0;0
36,71%;0,00%;63,93%;2;1
36,74%;0,00%;63,93%;1;0
36,77%;20,00%;63,86%;2;1
36,80%;0,00%;63,86%;2;0
36,83%;0,00%;63,86%;0;0
36,86%;0,00%;63,79%;1;1
36,88%;0,00%;63,79%;0;0
36,91%;0,00%;63,71%;4;1
36,94%;0,00%;63,71%;2;0
36,97%;0,00%;63,64%;3;1
37,00%;10,00%;63,64%;3;0
37,03%;20,00%;63,57%;5;1
37,06%;0,00%;63,57%;0;0
37,08%;0,00%;63,57%;2;0
37,11%;0,00%;63,50%;1;1
37,14%;0,00%;63,50%;2;0
37,17%;0,00%;63,50%;3;0
37,20%;0,00%;63,43%;1;1
37,23%;0,00%;63,43%;3;0
37,26%;0,00%;63,36%;2;1
37,29%;20,00%;63,36%;3;0
37,31%;0,00%;63,36%;1;0
37,34%;20,00%;63,29%;3;1
37,37%;0,00%;63,29%;1;0
37,40%;0,00%;63,21%;2;1
37,43%;0,00%;63,21%;1;0
37,46%;30,00%;63,14%;3;1
37,49%;0,00%;63,14%;2;0
37,51%;0,00%;63,14%;3;0
37,54%;0,00%;63,14%;1;0
37,57%;10,00%;63,07%;5;1
37,60%;20,00%;63,00%;3;1
37,63%;20,00%;63,00%;3;0
37,66%;10,00%;63,00%;4;0
37,69%;10,00%;62,93%;3;1
37,71%;10,00%;62,93%;5;0
37,74%;0,00%;62,93%;0;0
37,77%;0,00%;62,86%;2;1
37,80%;0,00%;62,86%;2;0
37,83%;20,00%;62,79%;4;1
37,86%;20,00%;62,79%;1;0
37,89%;0,00%;62,79%;1;0
37,92%;20,00%;62,71%;2;1
37,94%;0,00%;62,71%;1;0
37,97%;0,00%;62,64%;1;1
38,00%;0,00%;62,64%;1;0
38,03%;20,00%;62,57%;7;1
38,06%;0,00%;62,57%;2;0
38,09%;0,00%;62,57%;2;0
38,12%;0,00%;62,57%;0;0
38,14%;0,00%;62,50%;3;1
38,17%;0,00%;62,50%;1;0
38,20%;0,00%;62,43%;2;1
38,23%;0,00%;62,43%;1;0
38,26%;0,00%;62,43%;1;0
38,29%;0,00%;62,36%;2;1
38,32%;30,00%;62,36%;1;1
38,34%;30,00%;62,29%;2;0
38,37%;0,00%;62,29%;2;0
38,40%;30,00%;62,21%;2;1
38,43%;30,00%;62,21%;2;0
38,46%;0,00%;62,14%;1;1
38,49%;20,00%;62,14%;3;0
38,52%;0,00%;62,14%;2;0
38,55%;20,00%;62,14%;1;1
38,57%;0,00%;62,07%;1;0
38,60%;0,00%;62,07%;0;0
38,63%;0,00%;62,00%;1;1
38,66%;0,00%;62,00%;0;0
38,69%;0,00%;61,93%;1;1
38,72%;0,00%;61,93%;3;0
38,75%;0,00%;61,93%;1;0
38,77%;0,00%;61,86%;2;1
38,80%;0,00%;61,86%;1;0
38,83%;40,00%;61,79%;2;1
38,86%;0,00%;61,79%;2;0
38,89%;0,00%;61,79%;0;0
38,92%;0,00%;61,79%;0;0
38,95%;0,00%;61,71%;1;1
38,97%;0,00%;61,64%;2;1
39,00%;0,00%;61,64%;1;0
39,03%;0,00%;61,64%;0;0
39,06%;0,00%;61,57%;1;1
39,09%;0,00%;61,57%;0;0
39,12%;0,00%;61,50%;1;1
39,15%;0,00%;61,50%;2;0
39,18%;40,00%;61,50%;1;1
39,20%;0,00%;61,43%;0;0
39,23%;0,00%;61,43%;1;0
39,26%;0,00%;61,43%;0;0
39,29%;0,00%;61,36%;1;1
39,32%;0,00%;61,36%;1;0
39,35%;0,00%;61,29%;1;1
39,38%;0,00%;61,29%;1;0
39,40%;0,00%;61,29%;0;0
39,43%;0,00%;61,29%;0;0
39,46%;0,00%;61,29%;0;0
39,49%;0,00%;61,29%;0;0
39,52%;0,00%;61,29%;0;0
39,55%;0,00%;61,29%;0;0
39,58%;0,00%;61,29%;0;0
39,60%;0,00%;61,29%;0;0
39,63%;0,00%;61,29%;0;0
39,66%;0,00%;61,29%;0;0
39,69%;0,00%;61,29%;0;0
39,72%;0,00%;61,29%;0;0
39,75%;0,00%;61,29%;0;0
39,78%;0,00%;61,29%;0;0
39,81%;0,00%;61,29%;0;0
39,83%;0,00%;61,29%;0;0
39,86%;0,00%;61,29%;0;0
39,89%;0,00%;61,29%;0;0
39,92%;0,00%;61,29%;0;0
39,95%;0,00%;61,29%;0;0
39,98%;0,00%;61,29%;0;0
40,01%;0,00%;61,29%;0;0
40,03%;0,00%;61,29%;0;0
40,06%;0,00%;61,29%;0;0
40,09%;0,00%;61,21%;1;1
40,12%;0,00%;61,21%;0;0
40,15%;0,00%;61,21%;0;0
40,18%;0,00%;61,21%;0;0
40,21%;0,00%;61,14%;1;1
40,23%;0,00%;61,14%;0;0
40,26%;0,00%;61,07%;1;1
40,29%;0,00%;61,07%;0;0
40,32%;0,00%;61,07%;0;0
40,35%;0,00%;61,07%;0;0
40,38%;0,00%;61,07%;0;0
40,41%;0,00%;61,07%;0;0
40,44%;0,00%;61,07%;0;0
40,46%;0,00%;61,07%;0;0
40,49%;0,00%;61,07%;0;0
40,52%;0,00%;61,07%;0;0
40,55%;0,00%;61,07%;0;0
40,58%;0,00%;61,07%;0;0
40,61%;0,00%;61,07%;0;0
40,64%;0,00%;61,07%;0;0
40,66%;0,00%;61,07%;0;0
40,69%;0,00%;61,07%;0;0
40,72%;0,00%;61,07%;0;0
40,75%;0,00%;61,07%;0;0
40,78%;0,00%;61,00%;1;1
40,81%;0,00%;61,00%;0;0
40,84%;0,00%;60,93%;1;1
40,86%;0,00%;60,93%;0;0
40,89%;0,00%;60,93%;0;0
40,92%;0,00%;60,93%;0;0
40,95%;0,00%;60,93%;0;0
40,98%;0,00%;60,93%;0;0
41,01%;0,00%;60,93%;0;0
41,04%;0,00%;60,93%;0;0
41,07%;0,00%;60,93%;0;0
41,09%;0,00%;60,93%;0;0
41,12%;0,00%;60,93%;0;0
41,15%;0,00%;60,93%;0;0
41,18%;0,00%;60,93%;0;0
41,21%;70,00%;60,93%;1;1
41,24%;0,00%;60,86%;0;0
41,27%;0,00%;60,86%;0;0
41,29%;0,00%;60,86%;0;0
41,32%;0,00%;60,86%;0;0
41,35%;0,00%;60,86%;0;0
41,38%;0,00%;60,86%;0;0
41,41%;0,00%;60,86%;0;0
41,44%;0,00%;60,86%;0;0
41,47%;0,00%;60,86%;0;0
41,49%;0,00%;60,86%;0;0
41,52%;0,00%;60,86%;0;0
41,55%;0,00%;60,86%;0;0
41,58%;0,00%;60,86%;0;0
41,61%;0,00%;60,71%;2;2
41,64%;0,00%;60,64%;1;1
41,67%;0,00%;60,64%;0;0
41,70%;0,00%;60,57%;1;1
41,72%;0,00%;60,57%;0;0
41,75%;0,00%;60,57%;0;0
41,78%;0,00%;60,57%;0;0
41,81%;0,00%;60,57%;0;0
41,84%;0,00%;60,57%;0;0
41,87%;0,00%;60,57%;0;0
41,90%;0,00%;60,57%;0;0
41,92%;0,00%;60,57%;0;0
41,95%;0,00%;60,57%;0;0
41,98%;0,00%;60,57%;0;0
42,01%;0,00%;60,57%;0;0
42,04%;0,00%;60,57%;0;0
42,07%;0,00%;60,57%;0;0
42,10%;0,00%;60,50%;1;1
42,12%;0,00%;60,50%;0;0
42,15%;0,00%;60,50%;0;0
42,18%;0,00%;60,50%;0;0
42,21%;0,00%;60,50%;0;0
42,24%;0,00%;60,50%;0;0
42,27%;0,00%;60,50%;0;0
42,30%;0,00%;60,50%;0;0
42,33%;0,00%;60,43%;1;1
42,35%;0,00%;60,43%;0;0
42,38%;0,00%;60,29%;2;2
42,41%;0,00%;60,21%;1;1
42,44%;0,00%;60,14%;1;1
42,47%;0,00%;60,07%;1;1
42,50%;0,00%;60,00%;1;1
42,53%;100,00%;59,93%;2;2
42,55%;0,00%;59,86%;0;0
42,58%;0,00%;59,79%;1;1
42,61%;0,00%;59,79%;0;0
42,64%;0,00%;59,79%;0;0
42,67%;0,00%;59,79%;0;0
42,70%;0,00%;59,79%;0;0
42,73%;0,00%;59,71%;1;1
42,75%;0,00%;59,71%;0;0
42,78%;0,00%;59,71%;0;0
42,81%;0,00%;59,64%;1;1
42,84%;0,00%;59,57%;1;1
42,87%;0,00%;59,50%;1;1
42,90%;0,00%;59,43%;1;1
42,93%;0,00%;59,43%;0;0
42,96%;100,00%;59,43%;1;1
42,98%;100,00%;59,14%;4;4
43,01%;0,00%;58,93%;2;2
43,04%;0,00%;58,93%;0;0
43,07%;0,00%;58,93%;0;0
43,10%;0,00%;58,79%;2;2
43,13%;100,00%;58,57%;4;4
43,16%;0,00%;58,36%;2;2
43,18%;0,00%;58,29%;1;1
43,21%;0,00%;58,14%;2;2
43,24%;0,00%;57,86%;4;4
43,27%;0,00%;57,79%;1;1
43,30%;0,00%;57,79%;0;0
43,33%;0,00%;57,57%;3;3
43,36%;100,00%;57,50%;2;2
43,38%;0,00%;57,29%;2;2
43,41%;0,00%;57,21%;3;1
43,44%;0,00%;57,21%;2;0
43,47%;50,00%;57,14%;3;1
43,50%;40,00%;57,14%;1;0
43,53%;30,00%;57,07%;2;1
43,56%;20,00%;57,07%;4;0
43,59%;0,00%;57,07%;2;0
43,61%;0,00%;57,00%;1;1
43,64%;0,00%;57,00%;2;0
43,67%;0,00%;56,93%;1;1
43,70%;20,00%;56,93%;6;0
43,73%;20,00%;56,86%;3;1
43,76%;0,00%;56,86%;2;0
43,79%;0,00%;56,86%;2;0
43,81%;0,00%;56,79%;3;1
43,84%;0,00%;56,79%;2;0
43,87%;10,00%;56,79%;2;1
43,90%;0,00%;56,71%;0;0
43,93%;0,00%;56,71%;2;0
43,96%;0,00%;56,71%;0;0
43,99%;20,00%;56,64%;3;1
44,01%;20,00%;56,64%;1;1
44,04%;30,00%;56,57%;1;0
44,07%;0,00%;56,57%;1;0
44,10%;0,00%;56,50%;2;1
44,13%;0,00%;56,50%;0;0
44,16%;0,00%;56,50%;1;0
44,19%;0,00%;56,43%;2;1
44,22%;30,00%;56,43%;2;0
44,24%;0,00%;56,36%;1;1
44,27%;0,00%;56,36%;1;0
44,30%;40,00%;56,29%;2;1
44,33%;0,00%;56,29%;1;0
44,36%;0,00%;56,29%;1;0
44,39%;0,00%;56,29%;0;0
44,42%;0,00%;56,21%;2;1
44,44%;0,00%;56,21%;0;0
44,47%;0,00%;56,21%;0;0
44,50%;0,00%;56,14%;1;1
44,53%;0,00%;56,14%;0;0
44,56%;0,00%;56,07%;1;1
44,59%;0,00%;56,07%;0;0
44,62%;0,00%;56,00%;3;1
44,64%;0,00%;56,00%;1;0
44,67%;0,00%;55,93%;2;1
44,70%;0,00%;55,93%;2;0
44,73%;30,00%;55,86%;3;1
44,76%;0,00%;55,86%;4;0
44,79%;0,00%;55,86%;0;0
44,82%;0,00%;55,79%;1;1
44,85%;0,00%;55,79%;0;0
44,87%;0,00%;55,71%;1;1
44,90%;30,00%;55,71%;1;0
44,93%;0,00%;55,71%;2;0
44,96%;0,00%;55,64%;2;1
44,99%;30,00%;55,64%;2;0
45,02%;0,00%;55,57%;1;1
45,05%;0,00%;55,57%;1;0
45,07%;0,00%;55,50%;2;1
45,10%;30,00%;55,50%;3;0
45,13%;0,00%;55,50%;0;0
45,16%;0,00%;55,43%;3;1
45,19%;20,00%;55,43%;3;0
45,22%;20,00%;55,36%;2;1
45,25%;0,00%;55,36%;2;0
45,27%;0,00%;55,36%;1;0
45,30%;20,00%;55,29%;3;1
45,33%;0,00%;55,29%;1;0
45,36%;0,00%;55,29%;4;0
45,39%;0,00%;55,21%;1;1
45,42%;0,00%;55,21%;1;0
45,45%;0,00%;55,14%;3;1
45,48%;0,00%;55,14%;2;0
45,50%;0,00%;55,14%;0;0
45,53%;0,00%;55,07%;2;1
45,56%;30,00%;55,07%;2;0
45,59%;0,00%;55,00%;2;1
45,62%;0,00%;55,00%;0;0
45,65%;20,00%;55,00%;1;1
45,68%;0,00%;54,93%;2;0
45,70%;0,00%;54,93%;1;0
45,73%;0,00%;54,86%;2;1
45,76%;0,00%;54,86%;3;0
45,79%;0,00%;54,86%;0;0
45,82%;0,00%;54,79%;1;1
45,85%;0,00%;54,79%;2;0
45,88%;0,00%;54,71%;1;1
45,90%;30,00%;54,71%;1;0
45,93%;30,00%;54,64%;3;1
45,96%;30,00%;54,64%;1;0
45,99%;20,00%;54,64%;3;1
46,02%;0,00%;54,57%;1;0
46,05%;0,00%;54,57%;3;0
46,08%;0,00%;54,50%;1;1
46,11%;0,00%;54,50%;1;0
46,13%;20,00%;54,50%;1;1
46,16%;0,00%;54,43%;0;0
46,19%;30,00%;54,43%;2;0
46,22%;0,00%;54,43%;0;0
46,25%;0,00%;54,36%;3;1
46,28%;0,00%;54,36%;0;0
46,31%;30,00%;54,36%;1;1
46,33%;0,00%;54,29%;2;0
46,36%;0,00%;54,21%;1;1
46,39%;0,00%;54,21%;1;0
46,42%;0,00%;54,21%;3;0
46,45%;0,00%;54,14%;1;1
46,48%;20,00%;54,14%;4;0
46,51%;0,00%;54,14%;0;0
46,53%;20,00%;54,07%;3;1
46,56%;0,00%;54,00%;1;1
46,59%;0,00%;54,00%;1;0
46,62%;0,00%;54,00%;1;0
46,65%;30,00%;53,93%;2;1
46,68%;0,00%;53,93%;1;0
46,71%;0,00%;53,86%;2;1
46,74%;0,00%;53,86%;1;0
46,76%;0,00%;53,86%;0;0
46,79%;30,00%;53,86%;1;1
46,82%;0,00%;53,79%;0;0
46,85%;30,00%;53,79%;2;1
46,88%;0,00%;53,71%;2;0
46,91%;0,00%;53,71%;0;0
46,94%;0,00%;53,64%;4;1
46,96%;0,00%;53,64%;2;0
46,99%;0,00%;53,57%;1;1
47,02%;0,00%;53,57%;1;0
47,05%;0,00%;53,57%;1;0
47,08%;0,00%;53,57%;0;0
47,11%;20,00%;53,57%;1;1
47,14%;0,00%;53,50%;1;0
47,16%;0,00%;53,43%;1;1
47,19%;0,00%;53,43%;0;0
47,22%;0,00%;53,43%;0;0
47,25%;0,00%;53,36%;2;1
47,28%;0,00%;53,36%;0;0
47,31%;40,00%;53,36%;1;1
47,34%;0,00%;53,21%;2;1
47,37%;0,00%;53,21%;0;0
47,39%;0,00%;53,21%;3;0
47,42%;0,00%;53,21%;0;0
47,45%;0,00%;53,21%;0;0
47,48%;0,00%;53,21%;0;0
47,51%;40,00%;53,21%;1;1
47,54%;0,00%;53,14%;0;0
47,57%;0,00%;53,07%;1;1
47,59%;0,00%;53,00%;1;1
47,62%;60,00%;52,93%;2;1
47,65%;0,00%;52,93%;0;0
47,68%;0,00%;52,93%;0;0
47,71%;0,00%;52,93%;0;0
47,74%;0,00%;52,93%;0;0
47,77%;0,00%;52,93%;0;0
47,79%;0,00%;52,93%;0;0
47,82%;0,00%;52,93%;0;0
47,85%;0,00%;52,93%;0;0
47,88%;0,00%;52,93%;0;0
47,91%;0,00%;52,93%;0;0
47,94%;0,00%;52,93%;0;0
47,97%;0,00%;52,93%;0;0
48,00%;0,00%;52,93%;0;0
48,02%;0,00%;52,86%;1;1
48,05%;0,00%;52,86%;0;0
48,08%;0,00%;52,86%;0;0
48,11%;0,00%;52,86%;0;0
48,14%;0,00%;52,86%;0;0
48,17%;0,00%;52,86%;0;0
48,20%;0,00%;52,86%;0;0
48,22%;0,00%;52,86%;0;0
48,25%;0,00%;52,86%;0;0
48,28%;0,00%;52,79%;1;1
48,31%;0,00%;52,79%;0;0
48,34%;0,00%;52,79%;0;0
48,37%;0,00%;52,79%;0;0
48,40%;0,00%;52,79%;0;0
48,42%;60,00%;52,79%;1;1
48,45%;0,00%;52,71%;0;0
48,48%;0,00%;52,71%;0;0
48,51%;0,00%;52,71%;0;0
48,54%;0,00%;52,71%;0;0
48,57%;0,00%;52,71%;0;0
48,60%;0,00%;52,71%;0;0
48,63%;0,00%;52,71%;0;0
48,65%;0,00%;52,71%;0;0
48,68%;0,00%;52,71%;0;0
48,71%;0,00%;52,71%;0;0
48,74%;0,00%;52,71%;0;0
48,77%;0,00%;52,71%;0;0
48,80%;0,00%;52,71%;0;0
48,83%;0,00%;52,71%;0;0
48,85%;0,00%;52,71%;0;0
48,88%;0,00%;52,64%;1;1
48,91%;0,00%;52,64%;0;0
48,94%;0,00%;52,64%;0;0
48,97%;0,00%;52,64%;0;0
49,00%;0,00%;52,64%;0;0
49,03%;0,00%;52,64%;0;0
49,05%;0,00%;52,64%;0;0
49,08%;0,00%;52,64%;0;0
49,11%;0,00%;52,64%;0;0
49,14%;0,00%;52,64%;0;0
49,17%;0,00%;52,64%;0;0
49,20%;0,00%;52,64%;0;0
49,23%;0,00%;52,64%;0;0
49,26%;0,00%;52,64%;0;0
49,28%;0,00%;52,64%;0;0
49,31%;0,00%;52,64%;0;0
49,34%;0,00%;52,64%;0;0
49,37%;0,00%;52,64%;0;0
49,40%;0,00%;52,64%;0;0
49,43%;0,00%;52,64%;0;0
49,46%;0,00%;52,64%;0;0
49,48%;0,00%;52,64%;0;0
49,51%;0,00%;52,64%;0;0
49,54%;0,00%;52,64%;0;0
49,57%;0,00%;52,64%;0;0
49,60%;0,00%;52,57%;1;1
49,63%;0,00%;52,57%;0;0
49,66%;0,00%;52,57%;0;0
49,68%;0,00%;52,57%;0;0
49,71%;0,00%;52,50%;1;1
49,74%;0,00%;52,50%;0;0
49,77%;0,00%;52,50%;0;0
49,80%;0,00%;52,50%;0;0
49,83%;0,00%;52,50%;0;0
49,86%;0,00%;52,50%;0;0
49,89%;0,00%;52,50%;0;0
49,91%;0,00%;52,50%;0;0
49,94%;0,00%;52,43%;1;1
49,97%;90,00%;52,43%;1;1
50,00%;0,00%;52,21%;2;2
50,03%;100,00%;52,21%;1;1
50,06%;0,00%;52,14%;0;0
50,09%;0,00%;52,14%;0;0
50,11%;0,00%;52,14%;0;0
50,14%;0,00%;52,14%;0;0
50,17%;0,00%;52,14%;0;0
50,20%;0,00%;52,14%;0;0
50,23%;0,00%;52,14%;0;0
50,26%;0,00%;52,00%;2;2
50,29%;0,00%;52,00%;0;0
50,32%;0,00%;52,00%;0;0
50,34%;0,00%;51,93%;1;1
50,37%;0,00%;51,93%;0;0
50,40%;0,00%;51,93%;0;0
50,43%;0,00%;51,93%;0;0
50,46%;0,00%;51,93%;0;0
50,49%;100,00%;51,86%;2;2
50,52%;0,00%;51,71%;1;1
50,54%;0,00%;51,64%;1;1
50,57%;100,00%;51,50%;3;3
50,60%;0,00%;51,29%;2;2
50,63%;0,00%;51,14%;2;2
50,66%;0,00%;51,07%;1;1
50,69%;100,00%;51,00%;2;2
50,72%;0,00%;50,93%;0;0
50,74%;0,00%;50,86%;1;1
50,77%;0,00%;50,86%;0;0
50,80%;0,00%;50,86%;0;0
50,83%;0,00%;50,86%;0;0
50,86%;0,00%;50,86%;0;0
50,89%;0,00%;50,71%;2;2
50,92%;0,00%;50,64%;1;1
50,95%;100,00%;50,57%;2;2
50,97%;0,00%;50,29%;3;3
51,00%;100,00%;50,07%;4;4
51,03%;0,00%;50,00%;0;0
51,06%;0,00%;50,00%;0;0
51,09%;100,00%;50,00%;1;1
51,12%;100,00%;49,86%;2;2
51,15%;100,00%;49,57%;4;4
51,17%;0,00%;49,50%;0;0
51,20%;0,00%;49,29%;3;3
51,23%;50,00%;49,29%;6;0
51,26%;10,00%;49,21%;7;1
51,29%;0,00%;49,21%;5;0
51,32%;0,00%;49,21%;2;0
51,35%;0,00%;49,14%;7;1
51,37%;10,00%;49,14%;5;0
51,40%;0,00%;49,14%;5;1
51,43%;10,00%;49,07%;7;0
51,46%;0,00%;49,07%;4;0
51,49%;10,00%;49,00%;6;1
51,52%;0,00%;49,00%;2;0
51,55%;10,00%;48,93%;8;1
51,58%;0,00%;48,93%;3;0
51,60%;10,00%;48,93%;6;0
51,63%;10,00%;48,86%;7;1
51,66%;0,00%;48,86%;4;0
51,69%;10,00%;48,79%;6;1
51,72%;10,00%;48,79%;3;0
51,75%;0,00%;48,79%;2;0
51,78%;10,00%;48,71%;6;1
51,80%;0,00%;48,71%;3;0
51,83%;0,00%;48,64%;4;1
51,86%;10,00%;48,64%;9;0
51,89%;0,00%;48,64%;5;1
51,92%;10,00%;48,57%;3;0
51,95%;0,00%;48,57%;2;0
51,98%;0,00%;48,57%;1;0
52,00%;20,00%;48,50%;2;1
52,03%;20,00%;48,43%;4;1
52,06%;0,00%;48,43%;0;0
52,09%;0,00%;48,43%;2;0
52,12%;20,00%;48,43%;1;1
52,15%;10,00%;48,36%;7;0
52,18%;0,00%;48,29%;2;1
52,21%;0,00%;48,29%;2;0
52,23%;10,00%;48,29%;4;0
52,26%;0,00%;48,21%;4;1
52,29%;0,00%;48,21%;2;0
52,32%;0,00%;48,21%;1;0
52,35%;0,00%;48,14%;3;1
52,38%;0,00%;48,14%;2;0
52,41%;0,00%;48,07%;1;1
52,43%;20,00%;48,07%;2;0
52,46%;0,00%;48,07%;0;0
52,49%;0,00%;48,07%;0;0
52,52%;0,00%;48,00%;4;1
52,55%;0,00%;47,93%;2;1
52,58%;0,00%;47,93%;0;0
52,61%;40,00%;47,86%;2;1
52,63%;0,00%;47,86%;1;0
52,66%;0,00%;47,86%;0;0
52,69%;0,00%;47,79%;1;1
52,72%;30,00%;47,79%;3;0
52,75%;0,00%;47,71%;3;1
52,78%;0,00%;47,71%;1;0
52,81%;0,00%;47,71%;1;0
52,84%;20,00%;47,71%;1;1
52,86%;0,00%;47,64%;4;0
52,89%;0,00%;47,64%;0;0
52,92%;0,00%;47,57%;3;1
52,95%;20,00%;47,50%;6;1
52,98%;0,00%;47,50%;3;0
53,01%;0,00%;47,50%;1;0
53,04%;0,00%;47,50%;0;0
53,06%;0,00%;47,43%;3;1
53,09%;0,00%;47,36%;1;1
53,12%;0,00%;47,36%;0;0
53,15%;0,00%;47,29%;2;1
53,18%;30,00%;47,29%;3;0
53,21%;0,00%;47,29%;0;0
53,24%;30,00%;47,21%;3;1
53,26%;0,00%;47,21%;0;0
53,29%;20,00%;47,21%;4;1
53,32%;0,00%;47,14%;2;0
53,35%;0,00%;47,14%;0;0
53,38%;0,00%;47,14%;0;0
53,41%;0,00%;47,14%;0;0
53,44%;0,00%;47,14%;0;0
53,47%;0,00%;47,00%;2;2
53,49%;0,00%;47,00%;4;0
53,52%;30,00%;46,93%;3;1
53,55%;0,00%;46,93%;1;0
53,58%;0,00%;46,93%;0;0
53,61%;20,00%;46,86%;4;1
53,64%;20,00%;46,86%;2;1
53,67%;20,00%;46,79%;4;0
53,69%;0,00%;46,79%;1;0
53,72%;0,00%;46,71%;2;1
53,75%;0,00%;46,71%;1;0
53,78%;10,00%;46,71%;6;1
53,81%;0,00%;46,64%;1;0
53,84%;10,00%;46,64%;4;0
53,87%;0,00%;46,57%;1;1
53,89%;20,00%;46,57%;1;0
53,92%;0,00%;46,50%;2;1
53,95%;0,00%;46,50%;2;0
53,98%;20,00%;46,50%;1;1
54,01%;0,00%;46,43%;3;0
54,04%;0,00%;46,43%;3;0
54,07%;20,00%;46,36%;2;1
54,10%;0,00%;46,36%;0;0
54,12%;0,00%;46,36%;2;0
54,15%;0,00%;46,29%;3;1
54,18%;0,00%;46,29%;4;0
54,21%;0,00%;46,29%;0;0
54,24%;20,00%;46,21%;2;1
54,27%;0,00%;46,21%;0;0
54,30%;0,00%;46,21%;0;0
54,32%;20,00%;46,21%;1;1
54,35%;0,00%;46,07%;4;1
54,38%;30,00%;46,07%;3;0
54,41%;30,00%;46,00%;3;1
54,44%;0,00%;46,00%;1;0
54,47%;0,00%;46,00%;2;0
54,50%;20,00%;45,93%;3;1
54,52%;20,00%;45,93%;2;0
54,55%;10,00%;45,93%;1;1
54,58%;0,00%;45,86%;1;0
54,61%;0,00%;45,86%;0;0
54,64%;30,00%;45,79%;4;1
54,67%;0,00%;45,79%;0;0
54,70%;0,00%;45,79%;0;0
54,73%;0,00%;45,71%;1;1
54,75%;0,00%;45,71%;1;0
54,78%;40,00%;45,64%;2;1
54,81%;30,00%;45,64%;3;0
54,84%;0,00%;45,64%;0;0
54,87%;0,00%;45,57%;1;1
54,90%;0,00%;45,57%;0;0
54,93%;0,00%;45,57%;0;0
54,95%;0,00%;45,50%;1;1
54,98%;0,00%;45,50%;0;0
55,01%;40,00%;45,50%;1;1
55,04%;0,00%;45,43%;0;0
55,07%;0,00%;45,36%;1;1
55,10%;0,00%;45,36%;1;0
55,13%;50,00%;45,29%;2;1
55,15%;0,00%;45,29%;1;0
55,18%;50,00%;45,29%;1;1
55,21%;0,00%;45,21%;1;0
55,24%;0,00%;45,21%;0;0
55,27%;0,00%;45,21%;0;0
55,30%;60,00%;45,14%;2;1
55,33%;50,00%;45,14%;1;1
55,36%;0,00%;45,07%;0;0
55,38%;50,00%;45,07%;1;1
55,41%;0,00%;45,00%;1;0
55,44%;0,00%;45,00%;0;0
55,47%;0,00%;44,93%;1;1
55,50%;0,00%;44,93%;2;0
55,53%;0,00%;44,93%;0;0
55,56%;0,00%;44,86%;1;1
55,58%;0,00%;44,86%;0;0
55,61%;0,00%;44,86%;0;0
55,64%;50,00%;44,86%;1;1
55,67%;0,00%;44,79%;0;0
55,70%;0,00%;44,71%;1;1
55,73%;0,00%;44,71%;0;0
55,76%;0,00%;44,71%;0;0
55,78%;0,00%;44,71%;0;0
55,81%;0,00%;44,71%;0;0
55,84%;0,00%;44,64%;1;1
55,87%;70,00%;44,64%;1;1
55,90%;0,00%;44,57%;0;0
55,93%;0,00%;44,57%;0;0
55,96%;0,00%;44,57%;0;0
55,99%;0,00%;44,50%;1;1
56,01%;0,00%;44,50%;0;0
56,04%;70,00%;44,50%;1;1
56,07%;0,00%;44,43%;0;0
56,10%;0,00%;44,43%;0;0
56,13%;0,00%;44,43%;0;0
56,16%;0,00%;44,43%;0;0
56,19%;0,00%;44,43%;0;0
56,21%;0,00%;44,43%;0;0
56,24%;0,00%;44,36%;1;1
56,27%;0,00%;44,36%;0;0
56,30%;80,00%;44,36%;1;1
56,33%;0,00%;44,29%;0;0
56,36%;0,00%;44,29%;0;0
56,39%;0,00%;44,29%;0;0
56,41%;0,00%;44,29%;0;0
56,44%;0,00%;44,29%;0;0
56,47%;0,00%;44,07%;3;3
56,50%;0,00%;44,07%;0;0
56,53%;0,00%;44,07%;0;0
56,56%;0,00%;44,07%;0;0
56,59%;0,00%;44,07%;0;0
56,62%;0,00%;44,07%;0;0
56,64%;0,00%;44,07%;0;0
56,67%;0,00%;44,07%;0;0
56,70%;0,00%;44,07%;0;0
56,73%;0,00%;44,07%;0;0
56,76%;0,00%;44,00%;1;1
56,79%;0,00%;44,00%;0;0
56,82%;0,00%;44,00%;0;0
56,84%;0,00%;44,00%;0;0
56,87%;0,00%;43,93%;1;1
56,90%;0,00%;43,93%;0;0
56,93%;0,00%;43,93%;0;0
56,96%;0,00%;43,86%;1;1
56,99%;0,00%;43,79%;1;1
57,02%;0,00%;43,79%;0;0
57,04%;0,00%;43,79%;0;0
57,07%;0,00%;43,79%;0;0
57,10%;0,00%;43,79%;0;0
57,13%;0,00%;43,79%;0;0
57,16%;0,00%;43,79%;0;0
57,19%;0,00%;43,79%;0;0
57,22%;0,00%;43,79%;0;0
57,25%;0,00%;43,79%;0;0
57,27%;0,00%;43,79%;0;0
57,30%;0,00%;43,79%;0;0
57,33%;0,00%;43,79%;0;0
57,36%;0,00%;43,79%;0;0
57,39%;0,00%;43,79%;0;0
57,42%;0,00%;43,79%;0;0
57,45%;0,00%;43,79%;0;0
57,47%;0,00%;43,79%;0;0
57,50%;0,00%;43,79%;0;0
57,53%;0,00%;43,79%;0;0
57,56%;0,00%;43,79%;0;0
57,59%;0,00%;43,79%;0;0
57,62%;0,00%;43,79%;0;0
57,65%;0,00%;43,79%;0;0
57,67%;0,00%;43,79%;0;0
57,70%;0,00%;43,79%;0;0
57,73%;0,00%;43,79%;0;0
57,76%;0,00%;43,79%;0;0
57,79%;0,00%;43,79%;0;0
57,82%;0,00%;43,79%;0;0
57,85%;0,00%;43,79%;0;0
57,88%;0,00%;43,79%;0;0
57,90%;0,00%;43,79%;0;0
57,93%;0,00%;43,79%;0;0
57,96%;100,00%;43,79%;1;1
57,99%;0,00%;43,71%;0;0
58,02%;0,00%;43,71%;0;0
58,05%;0,00%;43,71%;0;0
58,08%;100,00%;43,71%;1;1
58,10%;100,00%;43,64%;1;1
58,13%;0,00%;43,57%;0;0
58,16%;0,00%;43,57%;0;0
58,19%;0,00%;43,57%;0;0
58,22%;0,00%;43,57%;0;0
58,25%;100,00%;43,57%;1;1
58,28%;0,00%;43,50%;0;0
58,30%;0,00%;43,50%;0;0
58,33%;0,00%;43,43%;1;1
58,36%;0,00%;43,43%;0;0
58,39%;0,00%;43,43%;0;0
58,42%;100,00%;43,43%;1;1
58,45%;0,00%;43,29%;1;1
58,48%;0,00%;43,21%;1;1
58,51%;0,00%;43,21%;0;0
58,53%;0,00%;43,21%;0;0
58,56%;0,00%;43,14%;1;1
58,59%;100,00%;43,14%;1;1
58,62%;0,00%;43,07%;0;0
58,65%;0,00%;43,07%;0;0
58,68%;0,00%;43,00%;1;1
58,71%;100,00%;42,93%;2;2
58,73%;0,00%;42,86%;0;0
58,76%;0,00%;42,79%;1;1
58,79%;0,00%;42,79%;0;0
58,82%;0,00%;42,79%;0;0
58,85%;0,00%;42,71%;1;1
58,88%;0,00%;42,64%;1;1
58,91%;0,00%;42,64%;0;0
58,93%;0,00%;42,50%;2;2
58,96%;0,00%;42,36%;2;2
58,99%;0,00%;42,36%;0;0
59,02%;100,00%;42,21%;3;3
59,05%;0,00%;42,14%;0;0
59,08%;100,00%;42,07%;2;2
59,11%;0,00%;41,93%;1;1
59,14%;0,00%;41,93%;0;0
59,16%;100,00%;41,93%;1;1
59,19%;0,00%;41,71%;2;2
59,22%;100,00%;41,57%;3;3
59,25%;0,00%;41,50%;0;0
59,28%;0,00%;41,43%;1;1
59,31%;0,00%;41,36%;1;1
59,34%;0,00%;41,29%;1;1
59,36%;0,00%;41,14%;2;2
59,39%;0,00%;40,93%;3;3
59,42%;0,00%;40,86%;1;1
59,45%;0,00%;40,86%;2;0
59,48%;60,00%;40,79%;4;1
59,51%;0,00%;40,79%;4;0
59,54%;0,00%;40,79%;1;0
59,56%;0,00%;40,79%;0;0
59,59%;0,00%;40,79%;0;0
59,62%;20,00%;40,64%;6;2
59,65%;20,00%;40,64%;1;0
59,68%;30,00%;40,57%;4;1
59,71%;10,00%;40,57%;3;0
59,74%;20,00%;40,50%;4;1
59,77%;0,00%;40,50%;1;0
59,79%;10,00%;40,50%;2;0
59,82%;0,00%;40,43%;3;1
59,85%;0,00%;40,43%;1;0
59,88%;0,00%;40,43%;0;0
59,91%;0,00%;40,36%;2;1
59,94%;0,00%;40,36%;1;0
59,97%;0,00%;40,29%;2;1
59,99%;0,00%;40,29%;1;0
60,02%;0,00%;40,21%;3;1
60,05%;0,00%;40,21%;1;0
60,08%;20,00%;40,21%;2;1
60,11%;30,00%;40,14%;2;0
60,14%;20,00%;40,14%;1;0
60,17%;20,00%;40,07%;6;1
60,19%;0,00%;40,07%;2;0
60,22%;0,00%;40,07%;2;0
60,25%;0,00%;40,00%;3;1
60,28%;0,00%;40,00%;5;0
60,31%;10,00%;39,93%;5;1
60,34%;0,00%;39,93%;0;0
60,37%;0,00%;39,86%;4;1
60,40%;0,00%;39,86%;3;0
60,42%;0,00%;39,86%;3;0
60,45%;20,00%;39,79%;3;1
60,48%;0,00%;39,79%;7;0
60,51%;0,00%;39,79%;1;0
60,54%;10,00%;39,71%;2;1
60,57%;0,00%;39,71%;1;0
60,60%;0,00%;39,71%;0;0
60,62%;20,00%;39,64%;2;1
60,65%;20,00%;39,57%;7;1
60,68%;10,00%;39,57%;4;0
60,71%;0,00%;39,57%;1;0
60,74%;10,00%;39,50%;3;1
60,77%;0,00%;39,50%;2;0
60,80%;0,00%;39,43%;1;1
60,82%;0,00%;39,43%;5;0
60,85%;0,00%;39,43%;1;0
60,88%;20,00%;39,36%;2;1
60,91%;0,00%;39,36%;0;0
60,94%;0,00%;39,29%;2;1
60,97%;0,00%;39,29%;1;0
61,00%;30,00%;39,21%;6;1
61,03%;0,00%;39,21%;0;0
61,05%;30,00%;39,14%;2;1
61,08%;0,00%;39,14%;0;0
61,11%;0,00%;39,14%;2;0
61,14%;0,00%;39,07%;2;1
61,17%;20,00%;39,07%;3;0
61,20%;0,00%;39,07%;0;0
61,23%;0,00%;39,00%;2;1
61,25%;20,00%;39,00%;3;1
61,28%;0,00%;38,93%;2;0
61,31%;0,00%;38,93%;2;0
61,34%;0,00%;38,86%;1;1
61,37%;0,00%;38,86%;0;0
61,40%;0,00%;38,79%;1;1
61,43%;0,00%;38,79%;1;0
61,45%;0,00%;38,79%;0;0
61,48%;0,00%;38,79%;0;0
61,51%;30,00%;38,79%;1;1
61,54%;0,00%;38,71%;0;0
61,57%;0,00%;38,71%;0;0
61,60%;40,00%;38,64%;3;2
61,63%;0,00%;38,57%;0;0
61,66%;50,00%;38,57%;3;0
61,68%;0,00%;38,50%;2;1
61,71%;0,00%;38,50%;3;0
61,74%;0,00%;38,50%;1;0
61,77%;0,00%;38,43%;1;1
61,80%;20,00%;38,43%;2;0
61,83%;0,00%;38,43%;0;0
61,86%;0,00%;38,43%;0;0
61,88%;0,00%;38,36%;1;1
61,91%;30,00%;38,36%;1;1
61,94%;0,00%;38,29%;1;0
61,97%;40,00%;38,21%;3;1
62,00%;0,00%;38,21%;0;0
62,03%;50,00%;38,14%;2;1
62,06%;0,00%;38,14%;2;0
62,08%;0,00%;38,14%;2;0
62,11%;30,00%;38,07%;2;1
62,14%;0,00%;38,07%;2;0
62,17%;0,00%;38,00%;3;1
62,20%;20,00%;38,00%;2;0
62,23%;0,00%;38,00%;2;0
62,26%;0,00%;38,00%;0;0
62,29%;20,00%;37,93%;2;1
62,31%;0,00%;37,86%;2;1
62,34%;0,00%;37,86%;0;0
62,37%;30,00%;37,79%;5;1
62,40%;0,00%;37,79%;2;0
62,43%;0,00%;37,79%;0;0
62,46%;0,00%;37,71%;3;1
62,49%;0,00%;37,71%;1;0
62,51%;0,00%;37,64%;1;1
62,54%;0,00%;37,64%;0;0
62,57%;30,00%;37,57%;4;1
62,60%;0,00%;37,57%;2;0
62,63%;20,00%;37,57%;2;0
62,66%;0,00%;37,50%;1;1
62,69%;0,00%;37,50%;2;0
62,71%;0,00%;37,50%;0;0
62,74%;20,00%;37,43%;3;1
62,77%;0,00%;37,43%;0;0
62,80%;30,00%;37,36%;3;1
62,83%;30,00%;37,36%;2;0
62,86%;0,00%;37,36%;2;0
62,89%;0,00%;37,29%;6;1
62,92%;0,00%;37,29%;0;0
62,94%;0,00%;37,21%;1;1
62,97%;0,00%;37,21%;0;0
63,00%;0,00%;37,14%;1;1
63,03%;30,00%;37,14%;1;0
63,06%;0,00%;37,14%;1;0
63,09%;0,00%;37,14%;0;0
63,12%;0,00%;37,14%;0;0
63,14%;0,00%;37,00%;3;2
63,17%;0,00%;37,00%;1;0
63,20%;40,00%;37,00%;1;1
63,23%;0,00%;36,93%;0;0
63,26%;50,00%;36,93%;2;1
63,29%;0,00%;36,86%;2;0
63,32%;0,00%;36,86%;0;0
63,34%;0,00%;36,86%;0;0
63,37%;0,00%;36,86%;0;0
63,40%;0,00%;36,86%;0;0
63,43%;0,00%;36,71%;4;2
63,46%;0,00%;36,71%;0;0
63,49%;0,00%;36,71%;0;0
63,52%;0,00%;36,71%;0;0
63,55%;0,00%;36,71%;0;0
63,57%;0,00%;36,64%;1;1
63,60%;0,00%;36,57%;1;1
63,63%;0,00%;36,57%;0;0
63,66%;50,00%;36,50%;4;1
63,69%;50,00%;36,50%;1;1
63,72%;40,00%;36,43%;2;0
63,75%;40,00%;36,43%;1;1
63,77%;0,00%;36,36%;1;0
63,80%;40,00%;36,36%;1;1
63,83%;0,00%;36,29%;0;0
63,86%;0,00%;36,29%;2;0
63,89%;0,00%;36,21%;1;1
63,92%;0,00%;36,21%;0;0
63,95%;0,00%;36,21%;1;0
63,97%;40,00%;36,14%;2;1
64,00%;0,00%;36,14%;1;0
64,03%;0,00%;36,07%;1;1
64,06%;0,00%;36,07%;1;0
64,09%;0,00%;36,00%;1;1
64,12%;0,00%;36,00%;1;0
64,15%;0,00%;36,00%;0;0
64,18%;0,00%;35,93%;1;1
64,20%;40,00%;35,93%;2;0
64,23%;0,00%;35,93%;0;0
64,26%;40,00%;35,93%;1;1
64,29%;0,00%;35,86%;0;0
64,32%;0,00%;35,86%;0;0
64,35%;40,00%;35,86%;1;1
64,38%;0,00%;35,79%;0;0
64,40%;0,00%;35,79%;0;0
64,43%;0,00%;35,71%;1;1
64,46%;0,00%;35,71%;0;0
64,49%;0,00%;35,71%;0;0
64,52%;0,00%;35,64%;1;1
64,55%;0,00%;35,64%;0;0
64,58%;0,00%;35,64%;0;0
64,60%;0,00%;35,64%;0;0
64,63%;0,00%;35,64%;0;0
64,66%;0,00%;35,57%;1;1
64,69%;0,00%;35,57%;0;0
64,72%;0,00%;35,57%;0;0
64,75%;0,00%;35,43%;2;2
64,78%;0,00%;35,43%;0;0
64,81%;0,00%;35,36%;1;1
64,83%;0,00%;35,36%;0;0
64,86%;0,00%;35,36%;0;0
64,89%;0,00%;35,36%;0;0
64,92%;0,00%;35,36%;0;0
64,95%;0,00%;35,36%;0;0
64,98%;0,00%;35,36%;0;0
65,01%;0,00%;35,36%;0;0
65,03%;0,00%;35,36%;0;0
65,06%;0,00%;35,36%;0;0
65,09%;0,00%;35,36%;0;0
65,12%;0,00%;35,36%;0;0
65,15%;0,00%;35,36%;0;0
65,18%;0,00%;35,36%;0;0
65,21%;0,00%;35,36%;0;0
65,23%;0,00%;35,36%;0;0
65,26%;0,00%;35,36%;0;0
65,29%;0,00%;35,36%;0;0
65,32%;0,00%;35,36%;0;0
65,35%;0,00%;35,36%;0;0
65,38%;0,00%;35,36%;0;0
65,41%;0,00%;35,36%;0;0
65,44%;0,00%;35,36%;0;0
65,46%;80,00%;35,36%;1;1
65,49%;0,00%;35,29%;0;0
65,52%;0,00%;35,29%;0;0
65,55%;0,00%;35,21%;1;1
65,58%;0,00%;35,21%;0;0
65,61%;0,00%;35,14%;1;1
65,64%;0,00%;35,14%;0;0
65,66%;0,00%;35,14%;0;0
65,69%;0,00%;35,14%;0;0
65,72%;0,00%;35,14%;0;0
65,75%;0,00%;35,14%;0;0
65,78%;0,00%;35,14%;0;0
65,81%;0,00%;35,14%;0;0
65,84%;0,00%;35,14%;0;0
65,86%;0,00%;35,07%;1;1
65,89%;0,00%;35,07%;0;0
65,92%;0,00%;35,07%;0;0
65,95%;0,00%;35,07%;0;0
65,98%;0,00%;35,07%;0;0
66,01%;0,00%;35,07%;0;0
66,04%;0,00%;35,07%;0;0
66,07%;0,00%;35,07%;0;0
66,09%;0,00%;35,07%;0;0
66,12%;0,00%;35,07%;0;0
66,15%;0,00%;35,07%;0;0
66,18%;0,00%;35,07%;0;0
66,21%;0,00%;35,07%;0;0
66,24%;0,00%;35,07%;0;0
66,27%;100,00%;35,07%;1;1
66,29%;0,00%;35,00%;0;0
66,32%;0,00%;35,00%;0;0
66,35%;0,00%;35,00%;0;0
66,38%;0,00%;35,00%;0;0
66,41%;0,00%;35,00%;0;0
66,44%;0,00%;35,00%;0;0
66,47%;0,00%;35,00%;0;0
66,49%;0,00%;35,00%;0;0
66,52%;0,00%;35,00%;0;0
66,55%;0,00%;35,00%;0;0
66,58%;0,00%;35,00%;0;0
66,61%;0,00%;35,00%;0;0
66,64%;0,00%;35,00%;0;0
66,67%;0,00%;35,00%;0;0
66,70%;0,00%;35,00%;0;0
66,72%;0,00%;34,93%;1;1
66,75%;0,00%;34,93%;0;0
66,78%;0,00%;34,86%;1;1
66,81%;0,00%;34,86%;0;0
66,84%;0,00%;34,86%;0;0
66,87%;0,00%;34,86%;0;0
66,90%;0,00%;34,79%;1;1
66,92%;0,00%;34,71%;1;1
66,95%;0,00%;34,71%;0;0
66,98%;100,00%;34,71%;1;1
67,01%;0,00%;34,64%;0;0
67,04%;100,00%;34,64%;1;1
67,07%;0,00%;34,57%;0;0
67,10%;0,00%;34,57%;0;0
67,12%;0,00%;34,57%;0;0
67,15%;0,00%;34,57%;0;0
67,18%;0,00%;34,57%;0;0
67,21%;0,00%;34,57%;0;0
67,24%;0,00%;34,57%;0;0
67,27%;0,00%;34,50%;1;1
67,30%;0,00%;34,36%;2;2
67,33%;0,00%;34,36%;0;0
67,35%;0,00%;34,36%;0;0
67,38%;0,00%;34,36%;0;0
67,41%;100,00%;34,29%;2;2
67,44%;0,00%;34,14%;1;1
67,47%;0,00%;34,00%;2;2
67,50%;0,00%;33,86%;2;2
67,53%;0,00%;33,86%;0;0
67,55%;100,00%;33,86%;1;1
67,58%;0,00%;33,71%;1;1
67,61%;0,00%;33,71%;0;0
67,64%;0,00%;33,50%;3;3
67,67%;0,00%;33,50%;0;0
67,70%;0,00%;33,21%;4;4
67,73%;0,00%;33,14%;1;1
67,75%;100,00%;32,93%;4;4
67,78%;0,00%;32,86%;0;0
67,81%;0,00%;32,64%;3;3
67,84%;100,00%;32,50%;3;3
67,87%;100,00%;32,36%;2;2
67,90%;0,00%;32,29%;0;0
67,93%;0,00%;32,14%;2;2
67,96%;100,00%;32,14%;1;1
67,98%;0,00%;32,07%;0;0
68,01%;0,00%;32,00%;1;1
68,04%;100,00%;32,00%;1;1
68,07%;0,00%;31,86%;1;1
68,10%;0,00%;31,86%;2;0
68,13%;0,00%;31,79%;3;1
68,16%;0,00%;31,79%;2;0
68,18%;0,00%;31,79%;3;0
68,21%;20,00%;31,71%;2;1
68,24%;0,00%;31,71%;2;0
68,27%;0,00%;31,71%;1;0
68,30%;20,00%;31,64%;4;1
68,33%;10,00%;31,64%;3;1
68,36%;0,00%;31,57%;1;0
68,38%;20,00%;31,57%;1;1
68,41%;20,00%;31,50%;3;0
68,44%;0,00%;31,50%;0;0
68,47%;0,00%;31,43%;2;1
68,50%;30,00%;31,43%;2;0
68,53%;30,00%;31,36%;2;1
68,56%;0,00%;31,36%;2;0
68,59%;20,00%;31,36%;3;0
68,61%;0,00%;31,29%;1;1
68,64%;0,00%;31,29%;1;0
68,67%;0,00%;31,29%;5;0
68,70%;20,00%;31,21%;3;1
68,73%;0,00%;31,21%;0;0
68,76%;0,00%;31,14%;2;1
68,79%;20,00%;31,14%;2;0
68,81%;30,00%;31,07%;2;1
68,84%;30,00%;31,07%;1;0
68,87%;0,00%;31,07%;1;0
68,90%;0,00%;31,00%;1;1
68,93%;0,00%;31,00%;1;0
68,96%;0,00%;31,00%;0;0
68,99%;0,00%;30,93%;2;1
69,01%;0,00%;30,86%;2;1
69,04%;40,00%;30,86%;1;0
69,07%;30,00%;30,86%;4;1
69,10%;20,00%;30,79%;3;0
69,13%;0,00%;30,79%;1;0
69,16%;0,00%;30,79%;0;0
69,19%;20,00%;30,79%;1;1
69,22%;0,00%;30,64%;5;1
69,24%;20,00%;30,64%;3;0
69,27%;0,00%;30,64%;2;0
69,30%;0,00%;30,57%;2;1
69,33%;0,00%;30,57%;4;0
69,36%;0,00%;30,50%;1;1
69,39%;0,00%;30,50%;0;0
69,42%;20,00%;30,50%;2;1
69,44%;0,00%;30,43%;0;0
69,47%;0,00%;30,43%;2;0
69,50%;30,00%;30,36%;3;1
69,53%;0,00%;30,36%;2;0
69,56%;30,00%;30,36%;1;1
69,59%;20,00%;30,29%;3;0
69,62%;10,00%;30,29%;3;1
69,64%;0,00%;30,21%;0;0
69,67%;20,00%;30,21%;2;0
69,70%;0,00%;30,14%;2;1
69,73%;0,00%;30,14%;1;0
69,76%;0,00%;30,07%;3;1
69,79%;20,00%;30,07%;3;0
69,82%;0,00%;30,07%;2;0
69,85%;0,00%;30,00%;3;1
69,87%;0,00%;30,00%;4;0
69,90%;0,00%;29,93%;1;1
69,93%;0,00%;29,93%;2;0
69,96%;0,00%;29,86%;5;1
69,99%;20,00%;29,86%;2;0
70,02%;20,00%;29,86%;1;0
70,05%;10,00%;29,86%;1;1
70,07%;0,00%;29,79%;2;0
70,10%;30,00%;29,71%;4;1
70,13%;10,00%;29,71%;5;0
70,16%;0,00%;29,71%;2;0
70,19%;0,00%;29,64%;1;1
70,22%;0,00%;29,64%;1;0
70,25%;20,00%;29,57%;2;1
70,27%;0,00%;29,57%;2;0
70,30%;30,00%;29,50%;3;1
70,33%;0,00%;29,50%;0;0
70,36%;10,00%;29,50%;5;0
70,39%;20,00%;29,43%;3;1
70,42%;0,00%;29,43%;2;0
70,45%;10,00%;29,43%;2;1
70,48%;20,00%;29,36%;4;0
70,50%;0,00%;29,36%;1;0
70,53%;0,00%;29,29%;2;1
70,56%;20,00%;29,29%;2;0
70,59%;0,00%;29,21%;2;1
70,62%;0,00%;29,21%;2;0
70,65%;0,00%;29,21%;0;0
70,68%;30,00%;29,14%;3;1
70,70%;0,00%;29,14%;1;0
70,73%;0,00%;29,07%;4;1
70,76%;20,00%;29,07%;2;0
70,79%;0,00%;29,07%;1;0
70,82%;0,00%;29,07%;0;0
70,85%;0,00%;29,07%;0;0
70,88%;30,00%;28,93%;3;2
70,90%;0,00%;28,93%;0;0
70,93%;0,00%;28,86%;1;1
70,96%;30,00%;28,86%;3;0
70,99%;0,00%;28,79%;2;1
71,02%;0,00%;28,79%;0;0
71,05%;0,00%;28,71%;2;1
71,08%;0,00%;28,71%;1;0
71,11%;30,00%;28,71%;2;0
71,13%;0,00%;28,71%;0;0
71,16%;0,00%;28,71%;0;0
71,19%;30,00%;28,64%;2;2
71,22%;40,00%;28,57%;2;0
71,25%;30,00%;28,57%;3;1
71,28%;0,00%;28,50%;0;0
71,31%;0,00%;28,50%;1;0
71,33%;0,00%;28,50%;0;0
71,36%;0,00%;28,43%;1;1
71,39%;0,00%;28,43%;1;0
71,42%;0,00%;28,43%;0;0
71,45%;0,00%;28,36%;1;1
71,48%;0,00%;28,29%;1;1
71,51%;40,00%;28,29%;2;0
71,53%;0,00%;28,21%;1;1
71,56%;50,00%;28,21%;2;0
71,59%;0,00%;28,21%;2;0
71,62%;0,00%;28,21%;0;0
71,65%;0,00%;28,21%;0;0
71,68%;0,00%;28,07%;2;2
71,71%;0,00%;28,07%;0;0
71,74%;0,00%;28,07%;0;0
71,76%;40,00%;28,07%;1;1
71,79%;0,00%;28,00%;1;0
71,82%;0,00%;28,00%;0;0
71,85%;0,00%;28,00%;0;0
71,88%;0,00%;28,00%;0;0
71,91%;0,00%;27,93%;1;1
71,94%;0,00%;27,93%;0;0
71,96%;0,00%;27,93%;0;0
71,99%;0,00%;27,86%;1;1
72,02%;0,00%;27,86%;0;0
72,05%;0,00%;27,71%;3;2
72,08%;0,00%;27,71%;0;0
72,11%;0,00%;27,64%;4;1
72,14%;0,00%;27,64%;0;0
72,16%;0,00%;27,64%;0;0
72,19%;0,00%;27,64%;0;0
72,22%;0,00%;27,64%;0;0
72,25%;0,00%;27,64%;0;0
72,28%;0,00%;27,64%;0;0
72,31%;50,00%;27,64%;1;1
72,34%;0,00%;27,57%;0;0
72,37%;0,00%;27,50%;1;1
72,39%;0,00%;27,43%;1;1
72,42%;0,00%;27,43%;0;0
72,45%;0,00%;27,43%;0;0
72,48%;0,00%;27,29%;2;2
72,51%;0,00%;27,21%;1;1
72,54%;0,00%;27,21%;0;0
72,57%;0,00%;27,14%;1;1
72,59%;0,00%;27,14%;0;0
72,62%;0,00%;27,14%;0;0
72,65%;0,00%;27,14%;0;0
72,68%;0,00%;27,14%;0;0
72,71%;0,00%;27,14%;0;0
72,74%;0,00%;27,14%;0;0
72,77%;0,00%;27,14%;0;0
72,79%;0,00%;27,14%;0;0
72,82%;0,00%;27,07%;1;1
72,85%;0,00%;27,07%;0;0
72,88%;0,00%;27,07%;0;0
72,91%;0,00%;27,07%;0;0
72,94%;0,00%;27,07%;0;0
72,97%;0,00%;27,00%;1;1
73,00%;90,00%;27,00%;1;1
73,02%;0,00%;26,93%;0;0
73,05%;0,00%;26,93%;0;0
73,08%;0,00%;26,93%;0;0
73,11%;0,00%;26,93%;0;0
73,14%;0,00%;26,93%;0;0
73,17%;0,00%;26,93%;0;0
73,20%;0,00%;26,93%;0;0
73,22%;0,00%;26,93%;0;0
73,25%;0,00%;26,93%;0;0
73,28%;0,00%;26,86%;1;1
73,31%;0,00%;26,86%;0;0
73,34%;0,00%;26,86%;0;0
73,37%;0,00%;26,86%;0;0
73,40%;100,00%;26,86%;1;1
73,42%;0,00%;26,79%;0;0
73,45%;0,00%;26,79%;0;0
73,48%;0,00%;26,79%;0;0
73,51%;0,00%;26,79%;0;0
73,54%;0,00%;26,79%;0;0
73,57%;0,00%;26,79%;0;0
73,60%;0,00%;26,79%;0;0
73,63%;0,00%;26,79%;0;0
73,65%;0,00%;26,79%;0;0
73,68%;0,00%;26,79%;0;0
73,71%;0,00%;26,79%;0;0
73,74%;0,00%;26,71%;1;1
73,77%;0,00%;26,71%;0;0
73,80%;0,00%;26,71%;0;0
73,83%;0,00%;26,71%;0;0
73,85%;0,00%;26,71%;0;0
73,88%;0,00%;26,71%;0;0
73,91%;0,00%;26,71%;0;0
73,94%;0,00%;26,71%;0;0
73,97%;0,00%;26,71%;0;0
74,00%;0,00%;26,71%;0;0
74,03%;0,00%;26,71%;0;0
74,05%;0,00%;26,71%;0;0
74,08%;0,00%;26,71%;0;0
74,11%;0,00%;26,71%;0;0
74,14%;0,00%;26,71%;0;0
74,17%;0,00%;26,71%;0;0
74,20%;0,00%;26,71%;0;0
74,23%;0,00%;26,71%;0;0
74,26%;0,00%;26,71%;0;0
74,28%;0,00%;26,71%;0;0
74,31%;0,00%;26,71%;0;0
74,34%;100,00%;26,71%;1;1
74,37%;0,00%;26,64%;0;0
74,40%;0,00%;26,64%;0;0
74,43%;0,00%;26,64%;0;0
74,46%;0,00%;26,64%;0;0
74,48%;0,00%;26,64%;0;0
74,51%;0,00%;26,64%;0;0
74,54%;0,00%;26,57%;1;1
74,57%;0,00%;26,57%;0;0
74,60%;0,00%;26,50%;1;1
74,63%;0,00%;26,43%;1;1
74,66%;0,00%;26,43%;0;0
74,68%;0,00%;26,43%;0;0
74,71%;0,00%;26,43%;0;0
74,74%;0,00%;26,43%;0;0
74,77%;0,00%;26,43%;0;0
74,80%;0,00%;26,36%;1;1
74,83%;0,00%;26,36%;0;0
74,86%;0,00%;26,36%;0;0
74,89%;0,00%;26,36%;0;0
74,91%;0,00%;26,36%;0;0
74,94%;0,00%;26,29%;1;1
74,97%;0,00%;26,29%;0;0
75,00%;0,00%;26,29%;0;0
75,03%;0,00%;26,29%;0;0
75,06%;0,00%;26,29%;0;0
75,09%;0,00%;26,29%;0;0
75,11%;0,00%;26,29%;0;0
75,14%;0,00%;26,29%;0;0
75,17%;0,00%;26,29%;0;0
75,20%;0,00%;26,21%;1;1
75,23%;0,00%;26,21%;0;0
75,26%;0,00%;26,21%;0;0
75,29%;0,00%;26,21%;0;0
75,32%;0,00%;26,21%;0;0
75,34%;100,00%;26,21%;1;1
75,37%;0,00%;26,14%;0;0
75,40%;0,00%;26,07%;1;1
75,43%;0,00%;26,07%;0;0
75,46%;0,00%;26,07%;0;0
75,49%;0,00%;26,07%;0;0
75,52%;0,00%;26,00%;1;1
75,54%;0,00%;26,00%;0;0
75,57%;0,00%;26,00%;0;0
75,60%;0,00%;26,00%;0;0
75,63%;0,00%;26,00%;0;0
75,66%;0,00%;25,93%;1;1
75,69%;0,00%;25,86%;1;1
75,72%;0,00%;25,79%;1;1
75,74%;0,00%;25,71%;1;1
75,77%;0,00%;25,71%;0;0
75,80%;0,00%;25,71%;0;0
75,83%;100,00%;25,64%;2;2
75,86%;0,00%;25,50%;1;1
75,89%;0,00%;25,43%;1;1
75,92%;0,00%;25,36%;1;1
75,95%;0,00%;25,36%;0;0
75,97%;100,00%;25,36%;1;1
76,00%;0,00%;25,21%;1;1
76,03%;0,00%;25,14%;1;1
76,06%;0,00%;25,07%;1;1
76,09%;0,00%;24,86%;3;3
76,12%;0,00%;24,86%;0;0
76,15%;100,00%;24,79%;2;2
76,17%;100,00%;24,64%;2;2
76,20%;0,00%;24,29%;4;4
76,23%;0,00%;24,29%;0;0
76,26%;100,00%;24,21%;2;2
76,29%;0,00%;24,07%;1;1
76,32%;100,00%;23,93%;3;3
76,35%;100,00%;23,86%;1;1
76,37%;0,00%;23,79%;0;0
76,40%;0,00%;23,57%;3;3
76,43%;100,00%;23,29%;5;5
76,46%;100,00%;23,07%;3;2
76,49%;0,00%;23,07%;1;0
76,52%;80,00%;23,00%;2;1
76,55%;0,00%;23,00%;2;0
76,58%;0,00%;22,93%;3;1
76,60%;0,00%;22,93%;1;0
76,63%;0,00%;22,86%;3;1
76,66%;0,00%;22,86%;0;0
76,69%;0,00%;22,79%;2;1
76,72%;0,00%;22,79%;1;0
76,75%;30,00%;22,71%;3;1
76,78%;0,00%;22,71%;0;0
76,80%;0,00%;22,71%;1;0
76,83%;30,00%;22,64%;2;1
76,86%;20,00%;22,64%;4;0
76,89%;0,00%;22,57%;1;1
76,92%;0,00%;22,57%;3;0
76,95%;0,00%;22,57%;1;0
76,98%;0,00%;22,50%;1;1
77,00%;20,00%;22,50%;4;0
77,03%;0,00%;22,50%;0;0
77,06%;0,00%;22,43%;1;1
77,09%;0,00%;22,36%;2;1
77,12%;20,00%;22,36%;4;0
77,15%;0,00%;22,36%;0;0
77,18%;0,00%;22,36%;0;0
77,21%;30,00%;22,29%;2;1
77,23%;0,00%;22,21%;2;1
77,26%;30,00%;22,21%;2;0
77,29%;0,00%;22,21%;0;0
77,32%;0,00%;22,14%;1;1
77,35%;0,00%;22,14%;0;0
77,38%;40,00%;22,07%;2;1
77,41%;40,00%;22,07%;2;0
77,43%;0,00%;22,00%;1;1
77,46%;0,00%;22,00%;6;0
77,49%;0,00%;22,00%;1;0
77,52%;0,00%;21,93%;1;1
77,55%;0,00%;21,93%;2;0
77,58%;0,00%;21,86%;2;1
77,61%;0,00%;21,86%;3;0
77,63%;0,00%;21,79%;2;1
77,66%;20,00%;21,79%;2;0
77,69%;0,00%;21,79%;1;0
77,72%;0,00%;21,71%;3;1
77,75%;20,00%;21,71%;2;0
77,78%;20,00%;21,64%;4;1
77,81%;0,00%;21,64%;3;0
77,84%;0,00%;21,57%;1;1
77,86%;0,00%;21,57%;3;0
77,89%;0,00%;21,50%;1;1
77,92%;0,00%;21,50%;0;0
77,95%;0,00%;21,50%;0;0
77,98%;0,00%;21,43%;2;1
78,01%;30,00%;21,43%;4;0
78,04%;0,00%;21,43%;1;0
78,06%;20,00%;21,36%;4;1
78,09%;0,00%;21,36%;0;0
78,12%;0,00%;21,29%;1;1
78,15%;0,00%;21,29%;1;0
78,18%;20,00%;21,21%;6;1
78,21%;0,00%;21,21%;1;0
78,24%;0,00%;21,14%;1;1
78,26%;0,00%;21,14%;2;0
78,29%;0,00%;21,14%;1;0
78,32%;0,00%;21,07%;3;1
78,35%;20,00%;21,07%;1;0
78,38%;20,00%;21,07%;1;1
78,41%;30,00%;21,00%;1;0
78,44%;0,00%;21,00%;0;0
78,47%;0,00%;21,00%;0;0
78,49%;0,00%;21,00%;0;0
78,52%;0,00%;20,93%;1;1
78,55%;0,00%;20,86%;1;1
78,58%;0,00%;20,79%;1;1
78,61%;50,00%;20,79%;1;0
78,64%;0,00%;20,79%;0;0
78,67%;0,00%;20,79%;0;0
78,69%;50,00%;20,71%;2;1
78,72%;50,00%;20,64%;4;1
78,75%;0,00%;20,64%;0;0
78,78%;0,00%;20,57%;2;1
78,81%;0,00%;20,57%;1;0
78,84%;0,00%;20,57%;2;0
78,87%;0,00%;20,57%;0;0
78,89%;0,00%;20,50%;5;1
78,92%;0,00%;20,50%;0;0
78,95%;0,00%;20,43%;2;1
78,98%;0,00%;20,36%;3;1
79,01%;0,00%;20,36%;0;0
79,04%;0,00%;20,36%;3;0
79,07%;0,00%;20,36%;0;0
79,10%;0,00%;20,36%;0;0
79,12%;0,00%;20,21%;2;2
79,15%;0,00%;20,21%;1;0
79,18%;30,00%;20,21%;1;1
79,21%;0,00%;20,14%;2;0
79,24%;0,00%;20,14%;1;0
79,27%;30,00%;20,14%;1;1
79,30%;0,00%;20,07%;2;0
79,32%;0,00%;20,00%;1;1
79,35%;0,00%;20,00%;0;0
79,38%;0,00%;19,93%;2;1
79,41%;0,00%;19,93%;3;0
79,44%;0,00%;19,93%;0;0
79,47%;0,00%;19,86%;2;1
79,50%;0,00%;19,86%;0;0
79,52%;0,00%;19,86%;0;0
79,55%;0,00%;19,79%;1;1
79,58%;40,00%;19,79%;2;1
79,61%;0,00%;19,71%;0;0
79,64%;0,00%;19,71%;0;0
79,67%;0,00%;19,71%;0;0
79,70%;50,00%;19,64%;2;1
79,73%;0,00%;19,64%;0;0
79,75%;0,00%;19,57%;2;1
79,78%;0,00%;19,57%;1;0
79,81%;0,00%;19,50%;2;1
79,84%;0,00%;19,50%;1;0
79,87%;0,00%;19,43%;1;1
79,90%;50,00%;19,43%;1;0
79,93%;0,00%;19,43%;0;0
79,95%;0,00%;19,36%;1;1
79,98%;0,00%;19,36%;0;0
80,01%;0,00%;19,36%;0;0
80,04%;0,00%;19,29%;1;1
80,07%;0,00%;19,21%;1;1
80,10%;0,00%;19,21%;1;0
80,13%;0,00%;19,14%;1;1
80,15%;50,00%;19,14%;2;0
80,18%;50,00%;19,14%;1;1
80,21%;0,00%;19,07%;0;0
80,24%;50,00%;19,07%;2;0
80,27%;0,00%;19,07%;0;0
80,30%;0,00%;19,07%;0;0
80,33%;0,00%;19,07%;0;0
80,36%;50,00%;19,07%;1;1
80,38%;0,00%;18,93%;1;1
80,41%;0,00%;18,93%;0;0
80,44%;0,00%;18,93%;0;0
80,47%;0,00%;18,93%;0;0
80,50%;0,00%;18,86%;1;1
80,53%;0,00%;18,86%;0;0
80,56%;0,00%;18,86%;0;0
80,58%;0,00%;18,86%;0;0
80,61%;50,00%;18,86%;1;1
80,64%;0,00%;18,71%;1;1
80,67%;0,00%;18,71%;0;0
80,70%;0,00%;18,64%;1;1
80,73%;0,00%;18,57%;1;1
80,76%;0,00%;18,57%;0;0
80,78%;0,00%;18,57%;0;0
80,81%;0,00%;18,57%;0;0
80,84%;0,00%;18,57%;0;0
80,87%;0,00%;18,57%;0;0
80,90%;0,00%;18,57%;0;0
80,93%;0,00%;18,57%;0;0
80,96%;0,00%;18,57%;0;0
80,99%;0,00%;18,50%;1;1
81,01%;0,00%;18,43%;1;1
81,04%;0,00%;18,43%;0;0
81,07%;0,00%;18,43%;0;0
81,10%;0,00%;18,29%;2;2
81,13%;0,00%;18,29%;0;0
81,16%;0,00%;18,29%;0;0
81,19%;0,00%;18,29%;0;0
81,21%;0,00%;18,29%;0;0
81,24%;0,00%;18,29%;0;0
81,27%;0,00%;18,29%;0;0
81,30%;0,00%;18,29%;0;0
81,33%;0,00%;18,21%;1;1
81,36%;0,00%;18,21%;0;0
81,39%;0,00%;18,21%;0;0
81,41%;0,00%;18,14%;1;1
81,44%;0,00%;18,14%;0;0
81,47%;0,00%;18,14%;0;0
81,50%;0,00%;18,14%;0;0
81,53%;0,00%;18,14%;0;0
81,56%;0,00%;18,14%;0;0
81,59%;0,00%;18,14%;0;0
81,62%;0,00%;18,14%;0;0
81,64%;0,00%;18,14%;0;0
81,67%;0,00%;18,14%;0;0
81,70%;0,00%;18,14%;0;0
81,73%;0,00%;18,14%;0;0
81,76%;0,00%;18,14%;0;0
81,79%;0,00%;18,14%;0;0
81,82%;0,00%;18,14%;0;0
81,84%;0,00%;18,14%;0;0
81,87%;0,00%;18,14%;0;0
81,90%;0,00%;18,14%;0;0
81,93%;0,00%;18,14%;0;0
81,96%;0,00%;18,14%;0;0
81,99%;0,00%;18,14%;0;0
82,02%;0,00%;18,14%;0;0
82,04%;0,00%;18,14%;0;0
82,07%;0,00%;18,14%;0;0
82,10%;0,00%;18,14%;0;0
82,13%;0,00%;18,14%;0;0
82,16%;0,00%;18,14%;0;0
82,19%;0,00%;18,14%;0;0
82,22%;0,00%;18,14%;0;0
82,25%;0,00%;18,14%;0;0
82,27%;0,00%;18,14%;0;0
82,30%;0,00%;18,14%;0;0
82,33%;0,00%;18,14%;0;0
82,36%;0,00%;18,14%;0;0
82,39%;0,00%;18,14%;0;0
82,42%;0,00%;18,07%;1;1
82,45%;0,00%;18,07%;0;0
82,47%;0,00%;18,07%;0;0
82,50%;0,00%;18,07%;0;0
82,53%;0,00%;18,07%;0;0
82,56%;0,00%;18,07%;0;0
82,59%;0,00%;18,07%;0;0
82,62%;0,00%;18,07%;0;0
82,65%;0,00%;18,07%;0;0
82,67%;0,00%;18,07%;0;0
82,70%;0,00%;18,07%;0;0
82,73%;0,00%;18,00%;1;1
82,76%;0,00%;17,93%;1;1
82,79%;0,00%;17,93%;0;0
82,82%;0,00%;17,93%;0;0
82,85%;0,00%;17,93%;0;0
82,88%;0,00%;17,93%;0;0
82,90%;0,00%;17,93%;0;0
82,93%;0,00%;17,93%;0;0
82,96%;0,00%;17,93%;0;0
82,99%;0,00%;17,93%;0;0
83,02%;0,00%;17,93%;0;0
83,05%;0,00%;17,93%;0;0
83,08%;0,00%;17,93%;0;0
83,10%;0,00%;17,93%;0;0
83,13%;0,00%;17,93%;0;0
83,16%;0,00%;17,93%;0;0
83,19%;0,00%;17,93%;0;0
83,22%;0,00%;17,93%;0;0
83,25%;0,00%;17,93%;0;0
83,28%;0,00%;17,93%;0;0
83,30%;0,00%;17,86%;1;1
83,33%;0,00%;17,86%;0;0
83,36%;0,00%;17,79%;1;1
83,39%;0,00%;17,79%;0;0
83,42%;0,00%;17,79%;0;0
83,45%;0,00%;17,79%;0;0
83,48%;0,00%;17,79%;0;0
83,51%;0,00%;17,79%;0;0
83,53%;100,00%;17,71%;2;2
83,56%;100,00%;17,57%;2;2
83,59%;100,00%;17,50%;1;1
83,62%;0,00%;17,43%;0;0
83,65%;0,00%;17,43%;0;0
83,68%;0,00%;17,36%;1;1
83,71%;0,00%;17,36%;0;0
83,73%;0,00%;17,36%;0;0
83,76%;0,00%;17,29%;1;1
83,79%;0,00%;17,21%;1;1
83,82%;0,00%;17,14%;1;1
83,85%;0,00%;17,14%;0;0
83,88%;0,00%;17,07%;1;1
83,91%;0,00%;17,07%;0;0
83,93%;0,00%;17,00%;1;1
83,96%;0,00%;17,00%;0;0
83,99%;0,00%;17,00%;0;0
84,02%;0,00%;17,00%;0;0
84,05%;0,00%;17,00%;0;0
84,08%;0,00%;16,93%;1;1
84,11%;0,00%;16,86%;1;1
84,14%;0,00%;16,86%;0;0
84,16%;0,00%;16,79%;1;1
84,19%;0,00%;16,79%;0;0
84,22%;100,00%;16,71%;2;2
84,25%;100,00%;16,64%;1;1
84,28%;0,00%;16,57%;0;0
84,31%;0,00%;16,50%;1;1
84,34%;0,00%;16,36%;2;2
84,36%;100,00%;16,36%;1;1
84,39%;0,00%;16,21%;1;1
84,42%;0,00%;16,21%;0;0
84,45%;0,00%;16,14%;1;1
84,48%;100,00%;16,07%;2;2
84,51%;0,00%;16,00%;0;0
84,54%;0,00%;15,79%;3;3
84,56%;0,00%;15,71%;1;1
84,59%;100,00%;15,64%;2;2
84,62%;100,00%;15,50%;2;2
84,65%;0,00%;15,36%;1;1
84,68%;100,00%;15,07%;5;5
84,71%;0,00%;14,79%;3;3
84,74%;0,00%;14,71%;1;1
84,77%;100,00%;14,50%;4;4
84,79%;0,00%;14,29%;2;2
84,82%;0,00%;14,21%;1;1
84,85%;0,00%;14,14%;1;1
84,88%;0,00%;14,14%;2;0
84,91%;0,00%;14,07%;1;1
84,94%;0,00%;14,07%;1;0
84,97%;0,00%;14,00%;2;1
84,99%;0,00%;14,00%;1;0
85,02%;0,00%;13,93%;2;1
85,05%;0,00%;13,93%;0;0
85,08%;40,00%;13,86%;3;1
85,11%;30,00%;13,86%;3;0
85,14%;0,00%;13,86%;0;0
85,17%;0,00%;13,79%;2;1
85,19%;20,00%;13,79%;3;0
85,22%;0,00%;13,71%;1;1
85,25%;0,00%;13,71%;1;0
85,28%;0,00%;13,71%;1;0
85,31%;0,00%;13,71%;0;0
85,34%;30,00%;13,64%;3;1
85,37%;30,00%;13,57%;4;1
85,40%;30,00%;13,57%;1;0
85,42%;20,00%;13,57%;1;1
85,45%;30,00%;13,50%;2;0
85,48%;0,00%;13,50%;3;0
85,51%;0,00%;13,50%;0;0
85,54%;20,00%;13,43%;2;1
85,57%;0,00%;13,43%;0;0
85,60%;0,00%;13,36%;1;1
85,62%;0,00%;13,36%;1;0
85,65%;0,00%;13,29%;2;1
85,68%;0,00%;13,29%;0;0
85,71%;0,00%;13,21%;1;1
85,74%;0,00%;13,21%;1;0
85,77%;0,00%;13,21%;0;0
85,80%;0,00%;13,21%;0;0
85,82%;50,00%;13,14%;2;2
85,85%;0,00%;13,07%;2;0
85,88%;0,00%;13,07%;2;0
85,91%;40,00%;13,00%;2;1
85,94%;0,00%;13,00%;1;0
85,97%;0,00%;13,00%;0;0
86,00%;0,00%;12,93%;1;1
86,03%;0,00%;12,93%;2;0
86,05%;0,00%;12,86%;3;1
86,08%;0,00%;12,86%;0;0
86,11%;0,00%;12,86%;0;0
86,14%;0,00%;12,79%;2;1
86,17%;30,00%;12,79%;1;1
86,20%;0,00%;12,71%;0;0
86,23%;0,00%;12,71%;1;0
86,25%;40,00%;12,64%;3;1
86,28%;0,00%;12,64%;2;0
86,31%;0,00%;12,57%;1;1
86,34%;0,00%;12,57%;3;0
86,37%;0,00%;12,50%;4;1
86,40%;0,00%;12,50%;0;0
86,43%;0,00%;12,50%;1;0
86,45%;0,00%;12,50%;0;0
86,48%;0,00%;12,43%;3;1
86,51%;0,00%;12,36%;2;1
86,54%;0,00%;12,36%;3;0
86,57%;0,00%;12,36%;3;0
86,60%;0,00%;12,29%;2;1
86,63%;20,00%;12,21%;4;1
86,66%;0,00%;12,21%;1;0
86,68%;0,00%;12,21%;2;0
86,71%;0,00%;12,14%;1;1
86,74%;20,00%;12,14%;2;0
86,77%;0,00%;12,07%;2;1
86,80%;0,00%;12,07%;0;0
86,83%;0,00%;12,00%;1;1
86,86%;0,00%;12,00%;1;0
86,88%;20,00%;12,00%;6;0
86,91%;0,00%;11,93%;3;1
86,94%;0,00%;11,93%;3;0
86,97%;0,00%;11,93%;0;0
87,00%;0,00%;11,86%;1;1
87,03%;20,00%;11,86%;1;1
87,06%;0,00%;11,79%;0;0
87,08%;30,00%;11,79%;1;0
87,11%;0,00%;11,79%;0;0
87,14%;0,00%;11,71%;1;1
87,17%;0,00%;11,71%;0;0
87,20%;0,00%;11,64%;2;1
87,23%;0,00%;11,64%;0;0
87,26%;40,00%;11,64%;1;1
87,29%;0,00%;11,57%;1;0
87,31%;0,00%;11,57%;0;0
87,34%;0,00%;11,50%;1;1
87,37%;0,00%;11,50%;0;0
87,40%;0,00%;11,43%;2;1
87,43%;0,00%;11,36%;4;1
87,46%;0,00%;11,36%;0;0
87,49%;0,00%;11,36%;1;0
87,51%;0,00%;11,36%;0;0
87,54%;0,00%;11,29%;2;1
87,57%;0,00%;11,21%;2;1
87,60%;0,00%;11,21%;1;0
87,63%;0,00%;11,21%;1;0
87,66%;0,00%;11,14%;1;1
87,69%;0,00%;11,14%;0;0
87,71%;0,00%;11,14%;0;0
87,74%;0,00%;11,14%;0;0
87,77%;0,00%;11,14%;0;0
87,80%;0,00%;11,07%;1;1
87,83%;0,00%;11,00%;1;1
87,86%;0,00%;11,00%;0;0
87,89%;0,00%;10,93%;2;1
87,92%;0,00%;10,93%;0;0
87,94%;0,00%;10,86%;1;1
87,97%;0,00%;10,79%;1;1
88,00%;0,00%;10,79%;1;0
88,03%;0,00%;10,79%;0;0
88,06%;60,00%;10,79%;1;1
88,09%;0,00%;10,71%;0;0
88,12%;0,00%;10,71%;0;0
88,14%;0,00%;10,64%;1;1
88,17%;0,00%;10,64%;1;0
88,20%;0,00%;10,64%;0;0
88,23%;0,00%;10,64%;0;0
88,26%;0,00%;10,50%;3;2
88,29%;0,00%;10,50%;2;0
88,32%;0,00%;10,50%;0;0
88,34%;0,00%;10,50%;0;0
88,37%;0,00%;10,43%;1;1
88,40%;0,00%;10,43%;0;0
88,43%;0,00%;10,43%;0;0
88,46%;0,00%;10,36%;1;1
88,49%;0,00%;10,29%;1;1
88,52%;0,00%;10,29%;0;0
88,55%;60,00%;10,21%;2;1
88,57%;60,00%;10,21%;1;1
88,60%;0,00%;10,14%;0;0
88,63%;0,00%;10,14%;0;0
88,66%;0,00%;10,14%;0;0
88,69%;0,00%;10,14%;0;0
88,72%;60,00%;10,14%;1;1
88,75%;0,00%;10,07%;0;0
88,77%;0,00%;10,07%;0;0
88,80%;0,00%;10,00%;1;1
88,83%;0,00%;10,00%;0;0
88,86%;0,00%;9,93%;1;1
88,89%;0,00%;9,86%;1;1
88,92%;0,00%;9,86%;0;0
88,95%;90,00%;9,86%;1;1
88,97%;0,00%;9,79%;0;0
89,00%;0,00%;9,79%;0;0
89,03%;0,00%;9,79%;0;0
89,06%;0,00%;9,79%;0;0
89,09%;0,00%;9,79%;0;0
89,12%;0,00%;9,79%;0;0
89,15%;0,00%;9,79%;0;0
89,18%;0,00%;9,79%;0;0
89,20%;0,00%;9,79%;0;0
89,23%;0,00%;9,79%;0;0
89,26%;0,00%;9,79%;0;0
89,29%;0,00%;9,79%;0;0
89,32%;0,00%;9,79%;0;0
89,35%;0,00%;9,79%;0;0
89,38%;0,00%;9,79%;0;0
89,40%;0,00%;9,79%;0;0
89,43%;0,00%;9,79%;0;0
89,46%;0,00%;9,79%;0;0
89,49%;0,00%;9,79%;0;0
89,52%;0,00%;9,79%;0;0
89,55%;0,00%;9,79%;0;0
89,58%;0,00%;9,79%;0;0
89,60%;0,00%;9,79%;0;0
89,63%;0,00%;9,79%;0;0
89,66%;0,00%;9,79%;0;0
89,69%;0,00%;9,79%;0;0
89,72%;0,00%;9,79%;0;0
89,75%;0,00%;9,79%;0;0
89,78%;0,00%;9,79%;0;0
89,81%;0,00%;9,79%;0;0
89,83%;0,00%;9,79%;0;0
89,86%;0,00%;9,79%;0;0
89,89%;0,00%;9,79%;0;0
89,92%;90,00%;9,79%;1;1
89,95%;0,00%;9,71%;0;0
89,98%;0,00%;9,71%;0;0
90,01%;0,00%;9,71%;0;0
90,03%;0,00%;9,71%;0;0
90,06%;0,00%;9,71%;0;0
90,09%;0,00%;9,71%;0;0
90,12%;0,00%;9,71%;0;0
90,15%;0,00%;9,71%;0;0
90,18%;0,00%;9,71%;0;0
90,21%;0,00%;9,71%;0;0
90,23%;0,00%;9,71%;0;0
90,26%;0,00%;9,71%;0;0
90,29%;0,00%;9,71%;0;0
90,32%;0,00%;9,71%;0;0
90,35%;0,00%;9,64%;1;1
90,38%;0,00%;9,64%;0;0
90,41%;0,00%;9,64%;0;0
90,44%;0,00%;9,64%;0;0
90,46%;0,00%;9,64%;0;0
90,49%;0,00%;9,64%;0;0
90,52%;0,00%;9,64%;0;0
90,55%;0,00%;9,64%;0;0
90,58%;90,00%;9,64%;1;1
90,61%;0,00%;9,50%;1;1
90,64%;0,00%;9,50%;0;0
90,66%;0,00%;9,50%;0;0
90,69%;0,00%;9,50%;0;0
90,72%;0,00%;9,50%;0;0
90,75%;0,00%;9,43%;1;1
90,78%;0,00%;9,43%;0;0
90,81%;0,00%;9,43%;0;0
90,84%;0,00%;9,43%;0;0
90,86%;0,00%;9,43%;0;0
90,89%;0,00%;9,43%;0;0
90,92%;0,00%;9,43%;0;0
90,95%;0,00%;9,43%;0;0
90,98%;0,00%;9,43%;0;0
91,01%;0,00%;9,43%;0;0
91,04%;0,00%;9,43%;0;0
91,07%;0,00%;9,43%;0;0
91,09%;0,00%;9,43%;0;0
91,12%;0,00%;9,43%;0;0
91,15%;0,00%;9,43%;0;0
91,18%;0,00%;9,43%;0;0
91,21%;0,00%;9,43%;0;0
91,24%;0,00%;9,43%;0;0
91,27%;0,00%;9,43%;0;0
91,29%;0,00%;9,43%;0;0
91,32%;0,00%;9,43%;0;0
91,35%;0,00%;9,43%;0;0
91,38%;0,00%;9,43%;0;0
91,41%;0,00%;9,43%;0;0
91,44%;0,00%;9,43%;0;0
91,47%;0,00%;9,43%;0;0
91,49%;0,00%;9,43%;0;0
91,52%;0,00%;9,43%;0;0
91,55%;0,00%;9,43%;0;0
91,58%;0,00%;9,43%;0;0
91,61%;0,00%;9,43%;0;0
91,64%;0,00%;9,43%;0;0
91,67%;0,00%;9,43%;0;0
91,70%;0,00%;9,43%;0;0
91,72%;0,00%;9,43%;0;0
91,75%;0,00%;9,43%;0;0
91,78%;0,00%;9,43%;0;0
91,81%;0,00%;9,36%;1;1
91,84%;0,00%;9,36%;0;0
91,87%;0,00%;9,36%;0;0
91,90%;0,00%;9,36%;0;0
91,92%;0,00%;9,36%;0;0
91,95%;0,00%;9,29%;1;1
91,98%;0,00%;9,29%;0;0
92,01%;100,00%;9,29%;1;1
92,04%;100,00%;9,21%;1;1
92,07%;0,00%;9,14%;0;0
92,10%;100,00%;9,14%;1;1
92,12%;0,00%;9,07%;0;0
92,15%;0,00%;9,07%;0;0
92,18%;0,00%;9,00%;1;1
92,21%;0,00%;9,00%;0;0
92,24%;0,00%;8,93%;1;1
92,27%;0,00%;8,79%;2;2
92,30%;0,00%;8,71%;1;1
92,33%;0,00%;8,71%;0;0
92,35%;100,00%;8,64%;2;2
92,38%;0,00%;8,50%;1;1
92,41%;0,00%;8,36%;2;2
92,44%;0,00%;8,29%;1;1
92,47%;0,00%;8,21%;1;1
92,50%;0,00%;8,00%;3;3
92,53%;100,00%;7,93%;2;2
92,55%;0,00%;7,79%;1;1
92,58%;0,00%;7,71%;1;1
92,61%;0,00%;7,71%;0;0
92,64%;0,00%;7,71%;0;0
92,67%;0,00%;7,50%;3;3
92,70%;100,00%;7,43%;2;2
92,73%;0,00%;7,29%;1;1
92,75%;0,00%;7,29%;0;0
92,78%;0,00%;7,21%;1;1
92,81%;100,00%;6,86%;6;6
92,84%;100,00%;6,64%;3;3
92,87%;100,00%;6,50%;2;2
92,90%;0,00%;6,29%;2;2
92,93%;0,00%;6,29%;0;0
92,96%;0,00%;6,07%;3;3
92,98%;100,00%;5,93%;3;3
93,01%;100,00%;5,71%;3;3
93,04%;100,00%;5,50%;3;3
93,07%;0,00%;5,36%;3;1
93,10%;70,00%;5,29%;3;1
93,13%;0,00%;5,29%;2;0
93,16%;0,00%;5,29%;0;0
93,18%;20,00%;5,21%;4;1
93,21%;20,00%;5,21%;1;0
93,24%;0,00%;5,14%;3;1
93,27%;10,00%;5,14%;4;0
93,30%;0,00%;5,07%;3;1
93,33%;0,00%;5,07%;1;0
93,36%;0,00%;5,07%;1;0
93,38%;0,00%;5,00%;3;1
93,41%;0,00%;5,00%;0;0
93,44%;0,00%;4,93%;1;1
93,47%;0,00%;4,93%;3;0
93,50%;30,00%;4,93%;1;1
93,53%;0,00%;4,86%;1;0
93,56%;0,00%;4,86%;1;0
93,59%;30,00%;4,79%;2;1
93,61%;20,00%;4,79%;3;0
93,64%;0,00%;4,79%;0;0
93,67%;0,00%;4,79%;0;0
93,70%;0,00%;4,79%;0;0
93,73%;0,00%;4,64%;3;2
93,76%;0,00%;4,64%;0;0
93,79%;0,00%;4,64%;0;0
93,81%;30,00%;4,64%;1;1
93,84%;0,00%;4,57%;1;0
93,87%;0,00%;4,57%;0;0
93,90%;0,00%;4,43%;2;2
93,93%;0,00%;4,43%;5;0
93,96%;20,00%;4,43%;4;1
93,99%;0,00%;4,36%;1;0
94,01%;10,00%;4,36%;2;0
94,04%;0,00%;4,29%;1;1
94,07%;20,00%;4,29%;1;0
94,10%;0,00%;4,21%;1;1
94,13%;0,00%;4,21%;1;0
94,16%;0,00%;4,21%;1;0
94,19%;0,00%;4,21%;0;0
94,22%;0,00%;4,14%;3;1
94,24%;0,00%;4,07%;1;1
94,27%;0,00%;4,07%;3;0
94,30%;0,00%;4,07%;1;0
94,33%;0,00%;4,00%;2;1
94,36%;0,00%;4,00%;0;0
94,39%;0,00%;4,00%;0;0
94,42%;0,00%;4,00%;0;0
94,44%;0,00%;3,93%;1;1
94,47%;30,00%;3,93%;1;1
94,50%;0,00%;3,79%;2;1
94,53%;0,00%;3,79%;1;0
94,56%;0,00%;3,79%;0;0
94,59%;0,00%;3,79%;0;0
94,62%;0,00%;3,71%;1;1
94,64%;0,00%;3,71%;0;0
94,67%;50,00%;3,64%;4;1
94,70%;0,00%;3,64%;0;0
94,73%;0,00%;3,64%;0;0
94,76%;50,00%;3,64%;1;1
94,79%;0,00%;3,50%;1;1
94,82%;0,00%;3,50%;2;0
94,85%;0,00%;3,50%;0;0
94,87%;0,00%;3,43%;4;1
94,90%;0,00%;3,43%;0;0
94,93%;0,00%;3,43%;0;0
94,96%;0,00%;3,43%;0;0
94,99%;0,00%;3,43%;0;0
95,02%;0,00%;3,36%;1;1
95,05%;0,00%;3,21%;2;2
95,07%;40,00%;3,21%;3;0
95,10%;0,00%;3,14%;1;1
95,13%;0,00%;3,14%;1;0
95,16%;40,00%;3,07%;4;1
95,19%;20,00%;3,07%;3;0
95,22%;0,00%;3,07%;1;0
95,25%;0,00%;3,00%;1;1
95,27%;0,00%;3,00%;1;0
95,30%;0,00%;2,93%;1;1
95,33%;0,00%;2,93%;0;0
95,36%;0,00%;2,93%;1;0
95,39%;30,00%;2,86%;3;1
95,42%;0,00%;2,86%;1;0
95,45%;0,00%;2,86%;0;0
95,48%;0,00%;2,79%;1;1
95,50%;40,00%;2,79%;1;1
95,53%;0,00%;2,71%;3;0
95,56%;0,00%;2,71%;0;0
95,59%;0,00%;2,71%;0;0
95,62%;0,00%;2,64%;1;1
95,65%;0,00%;2,57%;1;1
95,68%;0,00%;2,57%;0;0
95,70%;0,00%;2,57%;0;0
95,73%;0,00%;2,50%;1;1
95,76%;0,00%;2,50%;0;0
95,79%;0,00%;2,50%;0;0
95,82%;0,00%;2,43%;1;1
95,85%;0,00%;2,43%;0;0
95,88%;0,00%;2,36%;1;1
95,90%;0,00%;2,36%;0;0
95,93%;0,00%;2,36%;0;0
95,96%;0,00%;2,36%;0;0
95,99%;0,00%;2,21%;2;2
96,02%;0,00%;2,21%;1;0
96,05%;0,00%;2,14%;1;1
96,08%;80,00%;2,14%;1;0
96,11%;0,00%;2,07%;2;1
96,13%;60,00%;2,07%;2;0
96,16%;0,00%;2,07%;0;0
96,19%;0,00%;2,00%;1;1
96,22%;40,00%;2,00%;2;1
96,25%;0,00%;1,93%;1;0
96,28%;30,00%;1,93%;3;0
96,31%;0,00%;1,86%;1;1
96,33%;0,00%;1,86%;2;0
96,36%;0,00%;1,86%;0;0
96,39%;0,00%;1,79%;1;1
96,42%;0,00%;1,79%;1;0
96,45%;0,00%;1,79%;0;0
96,48%;0,00%;1,79%;0;0
96,51%;0,00%;1,79%;0;0
96,53%;0,00%;1,79%;0;0
96,56%;0,00%;1,79%;0;0
96,59%;0,00%;1,71%;1;1
96,62%;0,00%;1,64%;1;1
96,65%;0,00%;1,64%;0;0
96,68%;0,00%;1,57%;1;1
96,71%;0,00%;1,43%;3;2
96,74%;0,00%;1,43%;0;0
96,76%;0,00%;1,36%;3;1
96,79%;0,00%;1,36%;1;0
96,82%;40,00%;1,29%;4;1
96,85%;0,00%;1,29%;1;0
96,88%;0,00%;1,29%;4;0
96,91%;0,00%;1,29%;0;0
96,94%;0,00%;1,21%;1;1
96,96%;0,00%;1,21%;0;0
96,99%;0,00%;1,21%;0;0
97,02%;0,00%;1,14%;2;1
97,05%;20,00%;1,14%;1;1
97,08%;0,00%;1,07%;2;0
97,11%;0,00%;1,00%;3;1
97,14%;0,00%;1,00%;2;0
97,16%;0,00%;0,93%;1;1
97,19%;0,00%;0,93%;0;0
97,22%;0,00%;0,86%;1;1
97,25%;0,00%;0,86%;1;0
97,28%;0,00%;0,86%;0;0
97,31%;0,00%;0,79%;1;1
97,34%;0,00%;0,79%;1;0
97,37%;0,00%;0,79%;0;0
97,39%;0,00%;0,79%;0;0
97,42%;0,00%;0,79%;0;0
97,45%;0,00%;0,79%;0;0
97,48%;40,00%;0,79%;1;1
97,51%;0,00%;0,71%;0;0
97,54%;0,00%;0,71%;0;0
97,57%;0,00%;0,64%;1;1
97,59%;0,00%;0,64%;0;0
97,62%;0,00%;0,64%;0;0
97,65%;0,00%;0,57%;1;1
97,68%;0,00%;0,43%;4;2
97,71%;0,00%;0,43%;0;0
97,74%;0,00%;0,43%;0;0
97,77%;0,00%;0,43%;0;0
97,79%;0,00%;0,29%;2;2
97,82%;0,00%;0,21%;1;1
97,85%;70,00%;0,21%;2;0
97,88%;60,00%;0,14%;2;1
97,91%;0,00%;0,14%;1;0
97,94%;0,00%;0,14%;0;0
97,97%;0,00%;0,14%;0;0
98,00%;0,00%;0,14%;0;0
98,02%;0,00%;0,14%;0;0
98,05%;0,00%;0,14%;0;0
98,08%;0,00%;0,14%;0;0
98,11%;0,00%;0,07%;1;1
98,14%;0,00%;0,00%;1;1
98,17%;0,00%;0,00%;2;0
98,20%;0,00%;0,00%;1;0
98,22%;0,00%;0,00%;1;0
98,25%;0,00%;0,00%;2;0
98,28%;0,00%;0,00%;0;0
98,31%;0,00%;0,00%;0;0
98,34%;0,00%;0,00%;1;0
98,37%;0,00%;0,00%;0;0
98,40%;0,00%;0,00%;1;0
98,42%;0,00%;0,00%;0;0
98,45%;0,00%;0,00%;0;0
98,48%;0,00%;0,00%;0;0
98,51%;0,00%;0,00%;0;0
98,54%;0,00%;0,00%;0;0
98,57%;0,00%;0,00%;0;0
98,60%;0,00%;0,00%;0;0
98,63%;0,00%;0,00%;0;0
98,65%;0,00%;0,00%;0;0
98,68%;0,00%;0,00%;0;0
98,71%;0,00%;0,00%;0;0
98,74%;0,00%;0,00%;0;0
98,77%;0,00%;0,00%;0;0
98,80%;0,00%;0,00%;0;0
98,83%;0,00%;0,00%;0;0
98,85%;0,00%;0,00%;0;0
98,88%;0,00%;0,00%;0;0
98,91%;0,00%;0,00%;0;0
98,94%;0,00%;0,00%;0;0
98,97%;0,00%;0,00%;0;0
99,00%;0,00%;0,00%;0;0
99,03%;0,00%;0,00%;0;0
99,05%;0,00%;0,00%;0;0
99,08%;0,00%;0,00%;0;0
99,11%;0,00%;0,00%;0;0
99,14%;0,00%;0,00%;0;0
99,17%;0,00%;0,00%;0;0
99,20%;0,00%;0,00%;0;0
99,23%;0,00%;0,00%;1;0
99,26%;0,00%;0,00%;0;0
99,28%;0,00%;0,00%;1;0
99,31%;0,00%;0,00%;0;0
99,34%;0,00%;0,00%;0;0
99,37%;0,00%;0,00%;1;0
99,40%;0,00%;0,00%;0;0
99,43%;0,00%;0,00%;0;0
99,46%;0,00%;0,00%;0;0
99,48%;0,00%;0,00%;0;0
99,51%;0,00%;0,00%;0;0
99,54%;0,00%;0,00%;0;0
99,57%;0,00%;0,00%;1;0
99,60%;0,00%;0,00%;0;0
99,63%;0,00%;0,00%;0;0
99,66%;0,00%;0,00%;0;0
99,68%;0,00%;0,00%;0;0
99,71%;0,00%;0,00%;0;0
99,74%;0,00%;0,00%;0;0
99,77%;0,00%;0,00%;0;0
99,80%;0,00%;0,00%;0;0
99,83%;0,00%;0,00%;0;0
99,86%;0,00%;0,00%;0;0
99,89%;0,00%;0,00%;0;0
99,91%;0,00%;0,00%;0;0
99,94%;0,00%;0,00%;0;0
99,97%;0,00%;0,00%;0;0
100,00%;0,00%;0,00%;0;0
